,is_employed,self_employed,credit_score,eviction,pets,criminal,age,score,is_good
2477,0,1,0.49,1,0,1,28,20.0,0.0
711,1,0,0.254,1,0,1,33,20.0,0.0
231,1,0,0.268,1,0,1,38,20.0,0.0
156,1,0,0.784,1,0,1,22,80.23470319634703,1.0
774,0,1,0.0,0,0,0,51,78.89041095890411,1.0
1226,1,0,0.0,0,0,0,50,81.22191780821917,1.0
1510,1,0,0.342,1,0,1,27,20.0,0.0
922,1,0,0.35,1,0,1,65,20.0,0.0
2174,0,0,0.196,1,0,1,39,20.0,0.0
990,1,0,0.678,1,0,1,47,85.02374429223744,1.0
296,1,0,0.372,1,0,1,44,81.38995433789954,1.0
336,1,1,0.82,1,0,1,28,81.41095890410959,1.0
1235,1,0,0.616,1,0,1,53,80.92785388127854,1.0
910,1,0,0.644,1,0,1,27,80.82283105022832,1.0
2730,1,0,0.884,1,0,1,28,81.99908675799087,1.0
1217,1,0,0.774,1,0,1,53,82.06210045662101,1.0
2325,1,0,0.652,1,0,0,42,81.16774558532347,1.0
1725,1,0,0.624,1,0,0,28,79.87762557077626,1.0
1163,1,0,0.4,1,0,1,22,56.11801116184677,0.0
1973,1,0,0.64,1,0,1,22,60.679882500072715,0.0
2229,1,0,0.668,1,0,1,29,80.88584474885845,1.0
165,1,0,0.578,1,0,1,20,52.71343023458468,0.0
25,1,0,0.324,1,0,1,64,20.0,0.0
1491,1,0,0.352,1,0,0,29,20.0,0.0
535,1,0,0.308,1,0,0,29,20.0,0.0
29,0,1,0.586,1,0,1,55,78.86940639269406,1.0
853,1,0,0.438,1,0,1,22,78.99543378995433,1.0
1017,1,0,0.428,1,0,1,35,77.23105022831051,1.0
913,1,0,0.31,1,0,1,42,20.0,0.0
2500,1,1,0.518,1,0,1,42,83.17534246575343,1.0
2625,1,0,0.838,1,0,1,40,78.30228310502284,1.0
341,1,1,0.444,1,0,0,59,80.04566210045662,1.0
2312,1,0,0.636,1,0,1,19,77.86118721461187,1.0
1665,1,0,0.364,1,0,1,39,20.0,0.0
1505,1,1,0.262,1,0,1,35,20.0,0.0
1201,1,0,0.26,1,0,1,46,20.0,0.0
2076,0,0,0.628,1,0,1,69,79.83561643835617,1.0
1596,1,0,0.286,1,0,1,23,20.0,0.0
1901,1,0,0.306,1,0,0,24,20.0,0.0
2770,1,0,0.456,1,0,1,35,84.20456621004567,1.0
2158,1,0,0.286,1,0,1,24,20.0,0.0
972,1,0,0.58,1,0,1,22,81.05388127853881,1.0
2390,1,0,0.438,1,0,1,35,20.0,0.0
1663,1,0,0.74,1,0,1,37,82.39817351598174,1.0
1908,1,0,0.552,1,0,1,31,70.54044789148536,0.0
175,0,0,0.306,1,0,1,37,80.19269406392694,1.0
2261,1,0,0.404,1,0,1,29,79.45753424657535,1.0
457,1,0,0.356,1,0,0,29,20.0,0.0
2319,1,0,0.294,1,0,0,35,20.0,0.0
2123,1,0,0.696,1,0,1,27,81.38995433789954,1.0
559,1,0,0.518,1,0,1,39,82.2931506849315,1.0
1640,1,0,0.402,1,0,1,62,77.94520547945206,1.0
237,1,0,0.59,1,0,1,32,84.03652968036529,1.0
2585,0,0,0.242,1,0,1,39,20.0,0.0
1743,0,0,0.172,1,0,1,29,20.0,0.0
2495,1,0,0.644,1,0,1,43,80.92785388127854,1.0
964,1,0,0.24,1,0,1,20,20.0,0.0
909,0,0,0.564,1,0,1,20,48.41559034572734,0.0
809,1,0,0.898,1,0,1,50,81.47397260273972,1.0
2278,0,0,0.364,1,0,0,35,20.0,0.0
1858,0,1,0.84,1,0,1,43,84.33059360730594,1.0
1082,1,0,0.322,1,0,1,19,20.0,0.0
1774,1,0,0.294,1,0,1,47,20.0,0.0
1274,1,0,0.286,1,0,1,19,20.0,0.0
1859,1,0,0.794,1,0,1,27,79.45753424657535,1.0
2576,1,0,0.284,1,0,1,29,54.925114155251144,0.0
80,0,1,0.512,1,0,1,34,54.265419958695695,0.0
1247,1,1,0.298,1,0,1,36,20.0,0.0
2401,0,0,0.66,1,0,1,44,79.6675799086758,1.0
1575,1,0,0.332,1,0,1,28,20.0,0.0
408,0,1,0.348,1,0,1,36,83.7634703196347,1.0
2375,1,0,0.356,1,0,1,33,20.0,0.0
1114,1,0,0.43,1,0,1,41,83.17534246575343,1.0
2767,1,0,0.226,1,0,0,30,20.0,0.0
867,1,0,0.862,1,0,1,36,84.18356164383562,1.0
1305,1,0,0.354,1,0,1,44,20.0,0.0
160,1,0,0.34,1,0,1,25,20.0,0.0
1782,1,0,0.464,1,0,0,33,20.0,0.0
662,0,0,0.848,1,0,1,57,20.0,0.0
584,1,0,0.332,1,0,1,33,20.0,0.0
2030,1,0,0.38,1,0,1,26,56.84980681419038,0.0
1592,1,0,0.256,1,0,1,42,20.0,0.0
638,1,0,0.234,1,0,1,43,20.0,0.0
494,1,0,0.718,1,0,1,50,83.44840182648402,1.0
1270,1,0,0.286,1,0,1,34,20.0,0.0
984,1,0,0.316,1,0,1,41,20.0,0.0
1520,0,1,0.284,1,0,1,40,20.0,0.0
204,1,0,0.22,1,0,1,29,20.0,0.0
1216,1,0,0.574,1,0,1,38,77.79817351598173,1.0
1712,1,0,0.266,1,0,1,21,20.0,0.0
1076,1,0,0.286,1,0,1,24,20.0,0.0
1789,1,0,0.286,1,0,1,28,80.72403783431182,1.0
2560,0,1,0.852,1,0,1,54,81.93607305936074,1.0
1620,1,0,0.336,1,0,0,23,20.0,0.0
455,1,0,0.328,1,0,1,25,20.0,0.0
318,1,0,0.596,1,0,1,32,82.08310502283105,1.0
2763,1,0,0.47,1,0,1,40,84.7296803652968,1.0
1826,1,0,0.314,1,0,1,35,20.0,0.0
654,1,0,0.31,1,0,1,25,20.0,0.0
2597,1,0,0.414,1,0,1,38,20.0,0.0
2183,1,0,0.802,1,0,1,31,80.23470319634703,1.0
1863,1,0,0.336,1,0,0,32,20.0,0.0
1540,1,0,0.348,1,0,1,22,20.0,0.0
1873,0,0,0.272,1,0,0,42,20.0,0.0
981,1,0,0.828,1,0,1,58,78.89041095890411,1.0
1288,1,0,0.422,1,0,1,40,20.0,0.0
207,1,0,0.274,1,0,1,31,20.0,0.0
2537,1,0,0.376,1,0,1,29,79.41552511415526,1.0
1083,1,0,0.286,1,0,1,35,20.0,0.0
851,0,1,0.55,1,0,1,43,81.11689497716895,1.0
1448,1,0,0.504,1,0,1,25,78.99543378995433,1.0
2220,0,0,0.682,1,0,1,20,59.691782888076204,0.0
569,1,0,0.328,1,0,1,27,20.0,0.0
2394,1,0,0.9,1,0,1,61,80.82283105022832,1.0
1408,1,0,0.266,1,0,1,44,20.0,0.0
273,1,0,0.836,1,0,1,50,84.35159817351598,1.0
1073,1,0,0.39,1,0,1,43,78.68036529680366,1.0
663,1,0,0.794,1,0,1,60,82.35616438356165,1.0
1166,1,0,0.368,1,0,1,37,20.0,0.0
2254,0,0,0.39,1,0,1,53,20.0,0.0
58,1,0,0.5,1,0,1,34,67.68450709562515,0.0
472,1,0,0.41,1,0,1,33,82.02009132420092,1.0
883,1,0,0.336,1,0,0,34,20.0,0.0
1853,0,0,0.334,1,0,1,35,20.0,0.0
1761,1,0,0.414,1,0,1,30,20.0,0.0
610,1,0,0.21,1,0,1,26,20.0,0.0
1326,0,0,0.644,1,0,1,25,20.0,0.0
1786,1,0,0.328,1,0,1,48,20.0,0.0
2047,1,0,0.35,1,0,1,28,20.0,0.0
48,1,0,0.316,1,0,1,21,20.0,0.0
615,1,0,0.448,1,0,1,19,80.1716894977169,1.0
2439,1,0,0.59,1,0,0,43,80.04566210045662,1.0
100,1,0,0.31,1,0,0,22,20.0,0.0
98,1,0,0.752,1,0,1,50,81.26392694063927,1.0
184,1,0,0.696,1,0,1,22,78.59634703196348,1.0
456,1,0,0.332,1,0,1,22,20.0,0.0
233,1,0,0.634,1,0,1,23,78.32328767123288,1.0
1932,1,0,0.28,1,0,1,24,20.0,0.0
96,1,0,0.336,1,0,1,36,20.0,0.0
382,1,0,0.316,1,0,1,51,20.0,0.0
979,1,0,0.456,1,0,1,32,70.12957889396246,0.0
168,1,0,0.3,1,0,0,25,20.0,0.0
1090,0,0,0.352,1,0,1,82,20.0,0.0
1887,1,0,0.472,1,0,1,51,20.0,0.0
89,1,0,0.562,1,0,1,30,79.58356164383562,1.0
1485,1,0,0.472,1,0,1,27,84.07853881278538,1.0
1809,1,0,0.406,1,0,0,30,20.0,0.0
598,1,0,0.286,1,0,1,54,79.8986301369863,1.0
1886,1,0,0.314,1,0,1,27,20.0,0.0
591,1,0,0.64,1,0,1,33,78.40730593607306,1.0
691,0,1,0.522,1,0,1,20,77.18904109589042,1.0
1722,1,0,0.396,1,0,1,52,78.84840182648402,1.0
2246,1,0,0.328,1,0,1,41,58.4188920063817,0.0
2108,1,0,0.448,1,0,0,29,20.0,0.0
929,1,0,0.564,1,0,1,25,66.97159817351599,0.0
2271,1,0,0.36,1,0,0,33,20.0,0.0
2566,1,0,0.286,1,0,1,21,20.0,0.0
1981,0,0,0.712,1,0,1,22,81.03287671232877,1.0
56,0,0,0.286,1,0,1,50,70.9071377072819,0.0
2218,1,0,0.312,1,0,1,38,20.0,0.0
76,1,0,0.29,1,0,1,28,20.0,0.0
258,1,0,0.286,1,0,1,39,20.0,0.0
1759,1,0,0.334,1,0,1,25,20.0,0.0
580,0,1,0.32,1,0,1,29,73.12041364491002,0.0
2608,1,0,0.186,1,0,1,33,20.0,0.0
1171,1,0,0.24,1,0,0,31,20.0,0.0
1131,1,0,0.446,1,0,1,28,71.89518947244268,0.0
50,1,0,0.482,1,0,1,32,20.0,0.0
986,1,0,0.31,1,0,1,30,20.0,0.0
770,1,0,0.27,1,0,1,32,20.0,0.0
1308,1,0,0.678,1,0,1,37,84.87671232876713,1.0
366,1,0,0.384,1,0,1,28,20.0,0.0
874,1,0,0.188,1,0,1,35,20.0,0.0
106,1,0,0.262,1,0,1,24,20.0,0.0
1221,1,0,0.458,1,0,1,20,79.01643835616439,1.0
1526,1,0,0.37,1,0,1,37,85.77990867579909,1.0
820,1,0,0.296,1,0,1,52,20.0,0.0
12,1,0,0.498,1,0,1,37,49.5357465635129,0.0
2388,1,0,0.336,1,0,1,44,20.0,0.0
1318,1,0,0.464,1,0,1,49,20.0,0.0
2356,0,0,0.488,1,0,0,42,20.0,0.0
1445,1,0,0.408,1,0,0,24,79.79360730593608,1.0
1437,1,0,0.3,1,0,1,25,20.0,0.0
633,1,0,0.32,1,0,1,34,20.0,0.0
2546,1,1,0.356,1,0,1,45,77.79817351598173,1.0
2283,1,0,0.254,1,0,1,45,77.88219178082191,1.0
955,1,0,0.374,1,0,1,21,82.65022831050229,1.0
1423,1,0,0.674,1,0,1,36,54.9321625102447,0.0
1773,1,0,0.286,1,0,0,33,20.0,0.0
467,1,0,0.562,1,0,1,23,65.76749464749238,0.0
1999,1,0,0.264,1,0,0,28,20.0,0.0
2520,1,0,0.29,1,0,1,25,20.0,0.0
2682,1,0,0.848,1,0,1,38,77.94520547945206,1.0
1320,1,0,0.288,1,0,0,27,20.0,0.0
55,1,0,0.686,1,0,1,26,81.5579908675799,1.0
2201,1,0,0.638,1,0,1,44,79.91963470319635,1.0
1124,1,0,0.426,1,0,1,26,74.46583283700616,1.0
1696,1,0,0.588,1,0,1,22,80.33972602739726,1.0
1444,1,0,0.184,1,0,0,24,20.0,0.0
109,1,0,0.306,1,0,1,45,20.0,0.0
2459,1,0,0.502,1,0,1,37,20.0,0.0
1704,1,0,0.692,1,0,1,25,80.82283105022832,1.0
1020,0,1,0.346,1,0,1,31,20.0,0.0
15,1,0,0.598,1,0,1,26,84.28858447488585,1.0
1396,1,0,0.64,1,0,1,23,79.79360730593608,1.0
1255,1,0,0.634,1,0,1,53,82.23013698630137,1.0
1107,1,0,0.396,1,0,1,25,20.0,0.0
901,1,1,0.272,1,0,1,28,20.0,0.0
2487,1,0,0.758,1,0,1,21,84.28858447488585,1.0
969,1,0,0.398,1,0,0,42,20.0,0.0
495,1,0,0.806,1,0,1,25,81.24292237442923,1.0
2731,0,0,0.65,1,0,1,25,20.0,0.0
2404,1,0,0.872,1,0,1,35,78.38630136986302,1.0
32,1,0,0.312,1,0,0,35,20.0,0.0
2068,1,0,0.628,1,0,1,41,20.0,0.0
28,1,0,0.32,1,0,1,35,20.0,0.0
2163,1,0,0.658,1,0,1,45,83.23567015847435,1.0
527,1,0,0.46,1,0,1,20,78.68036529680366,1.0
1225,1,0,0.322,1,0,1,23,20.0,0.0
1795,1,0,0.324,1,0,1,33,20.0,0.0
2115,0,1,0.252,1,0,1,28,20.0,0.0
334,1,0,0.372,1,0,1,30,55.64950018511663,0.0
2117,1,0,0.3,1,0,1,47,20.0,0.0
878,1,0,0.646,1,0,1,25,80.33972602739726,1.0
597,1,0,0.498,1,0,1,22,77.88219178082191,1.0
2748,1,0,0.268,1,0,1,40,20.0,0.0
596,1,1,0.17,1,0,1,35,20.0,0.0
1302,1,0,0.23,1,0,1,30,20.0,0.0
344,1,0,0.456,1,0,1,29,70.61477560079318,0.0
303,1,0,0.3,1,0,1,19,82.2931506849315,1.0
323,1,0,0.338,1,0,1,27,20.0,0.0
787,0,0,0.286,1,0,1,18,79.31050228310502,1.0
850,0,1,0.782,1,0,1,55,44.570173904595364,0.0
2028,1,0,0.348,1,0,1,32,20.0,0.0
2750,1,0,0.362,1,0,1,32,63.66575342465754,0.0
123,1,0,0.222,1,0,1,23,20.0,0.0
2208,1,0,0.668,1,0,1,49,82.88127853881278,1.0
2121,1,0,0.226,1,0,0,29,77.48317527221637,1.0
2176,1,0,0.516,1,0,0,34,20.0,0.0
393,1,0,0.406,1,0,1,27,80.6337899543379,1.0
2648,1,0,0.468,1,0,1,53,78.30228310502284,1.0
1829,1,1,0.642,1,0,1,68,83.40639269406392,1.0
1267,1,0,0.3,1,0,1,34,20.0,0.0
861,1,0,0.544,1,0,1,22,77.98721461187215,1.0
1263,1,0,0.574,1,0,1,22,84.8652325913242,1.0
541,1,0,0.424,1,0,1,57,80.06666666666666,1.0
2455,1,0,0.294,1,0,1,35,20.0,0.0
2119,0,0,0.7,1,0,1,34,77.79817351598173,1.0
2481,1,0,0.34,1,0,1,24,56.70628582531818,0.0
1486,1,0,0.37,1,0,1,42,20.0,0.0
333,1,0,0.514,1,0,1,63,20.0,0.0
1055,1,0,0.286,1,0,1,19,20.0,0.0
653,1,0,0.42,1,0,0,24,20.0,0.0
2307,1,0,0.592,1,0,1,41,52.11397394574268,0.0
761,1,0,0.338,1,0,1,38,20.0,0.0
144,1,0,0.65,1,0,1,21,84.83470319634704,1.0
176,1,0,0.606,1,0,0,23,77.9662100456621,1.0
844,1,0,0.646,1,0,1,25,82.41917808219178,1.0
730,1,0,0.37,1,0,1,33,20.0,0.0
1187,1,0,0.598,1,0,1,26,77.23105022831051,1.0
2718,1,0,0.358,1,0,1,40,20.0,0.0
1349,1,0,0.386,1,0,1,34,20.0,0.0
1087,1,0,0.404,1,0,1,24,81.85205479452055,1.0
2249,1,0,0.4,1,0,1,34,20.0,0.0
2678,1,0,0.422,1,0,1,27,78.36444248048313,1.0
1376,1,0,0.516,1,0,1,39,78.00821917808219,1.0
1412,1,0,0.306,1,0,1,34,20.0,0.0
269,1,0,0.632,1,0,1,32,44.41697555734623,0.0
1621,1,0,0.282,1,0,1,32,40.7491103763187,0.0
1281,1,0,0.34,1,0,1,33,83.70045662100456,1.0
2714,1,0,0.348,1,0,0,26,20.0,0.0
2051,1,0,0.412,1,0,1,31,77.29406392694064,1.0
593,1,0,0.636,1,0,1,30,80.44474885844748,1.0
108,1,0,0.576,1,0,1,27,80.31872146118721,1.0
1272,1,0,0.86,1,0,1,56,46.472196854388635,0.0
2151,1,0,0.326,1,0,1,58,78.55433789954338,1.0
1260,0,0,0.88,1,0,1,64,79.49954337899544,1.0
2747,1,0,0.286,1,0,1,24,20.0,0.0
707,0,0,0.448,1,0,1,22,83.61643835616438,1.0
2181,1,0,0.48,1,0,1,24,78.91141552511415,1.0
587,1,0,0.286,1,0,1,70,83.63744292237443,1.0
778,1,0,0.528,1,0,0,37,20.0,0.0
2332,1,0,0.272,1,0,1,34,20.0,0.0
926,1,0,0.324,1,0,1,46,20.0,0.0
2516,0,0,0.522,1,0,1,23,77.9662100456621,1.0
1336,1,0,0.368,1,0,1,34,20.0,0.0
2320,1,0,0.272,1,0,0,26,20.0,0.0
179,1,0,0.392,1,0,1,30,20.0,0.0
1947,0,0,0.316,1,0,1,31,20.0,0.0
564,0,1,0.276,1,0,1,36,20.0,0.0
1649,1,0,0.258,1,0,1,31,20.0,0.0
3,1,0,0.416,1,0,1,36,20.0,0.0
298,1,0,0.202,1,0,1,31,20.0,0.0
2636,1,0,0.802,1,0,1,35,83.3013698630137,1.0
2417,1,0,0.356,1,0,1,26,20.0,0.0
966,1,0,0.312,1,0,1,32,20.0,0.0
558,1,0,0.44,1,0,0,36,80.29771689497717,1.0
1158,0,0,0.36,1,0,1,45,20.0,0.0
826,0,0,0.288,1,0,1,37,20.0,0.0
232,1,0,0.442,1,0,0,33,20.0,0.0
739,1,0,0.4,1,0,1,31,78.78538812785388,1.0
2286,0,1,0.368,1,0,1,45,79.58356164383562,1.0
2535,1,0,0.434,1,0,1,18,77.42009132420091,1.0
185,1,0,0.33,1,0,0,23,20.0,0.0
2458,1,0,0.266,1,0,1,37,20.0,0.0
2207,1,0,0.418,1,0,1,22,78.86940639269406,1.0
2275,1,0,0.45,1,0,1,30,84.58264840182649,1.0
1061,1,0,0.498,1,0,1,25,80.63183504566211,1.0
786,1,0,0.326,1,0,0,29,77.71415525114155,1.0
458,1,0,0.318,1,0,1,35,78.59634703196348,1.0
1935,1,0,0.538,1,0,1,24,80.56245560629122,1.0
515,1,0,0.728,1,0,1,30,80.48632965611992,1.0
218,1,0,0.838,1,0,1,51,82.2931506849315,1.0
2592,0,0,0.452,1,0,1,52,82.35616438356165,1.0
1965,1,0,0.268,1,0,1,47,20.0,0.0
297,1,0,0.266,1,0,1,28,20.0,0.0
2161,0,0,0.714,1,0,1,22,81.03287671232877,1.0
2441,1,0,0.336,1,0,1,25,20.0,0.0
1756,1,0,0.23,1,0,1,27,20.0,0.0
1265,1,0,0.528,1,0,1,21,79.68858447488584,1.0
582,1,0,0.312,1,0,1,47,52.07175915176843,0.0
2428,1,0,0.262,1,0,1,45,20.0,0.0
1048,1,0,0.526,1,0,1,22,42.971868564777516,0.0
857,1,0,0.366,1,0,0,24,20.0,0.0
2449,1,0,0.626,1,0,1,22,79.77260273972603,1.0
2125,1,0,0.286,1,0,0,22,20.0,0.0
1821,0,0,0.21,1,0,1,21,20.0,0.0
82,1,0,0.77,1,0,1,59,84.01552511415525,1.0
764,1,0,0.428,1,0,1,36,81.76803652968036,1.0
1100,1,0,0.286,1,0,1,34,85.48584474885845,1.0
693,1,0,0.704,1,0,1,29,84.28858447488585,1.0
2527,1,0,0.26,1,0,1,25,58.13776057176891,0.0
321,1,0,0.286,1,0,1,30,80.34465882050293,1.0
1631,1,1,0.294,1,0,0,32,20.0,0.0
1955,1,0,0.656,1,0,1,29,65.95364195627597,0.0
1503,1,0,0.286,1,0,0,22,81.81004566210046,1.0
1144,1,1,0.738,1,0,1,58,81.32694063926941,1.0
838,1,0,0.838,1,0,1,53,81.53698630136986,1.0
1242,0,0,0.65,1,0,1,20,79.60456621004566,1.0
1117,1,0,0.48,1,0,0,43,20.0,0.0
747,1,0,0.268,1,0,1,62,20.0,0.0
2612,0,1,0.21,1,0,1,43,20.0,0.0
1463,1,0,0.22,1,0,0,50,20.0,0.0
2479,1,0,0.298,1,0,1,27,20.0,0.0
115,1,0,0.516,1,0,1,32,82.73424657534247,1.0
2101,1,0,0.604,1,0,1,31,78.30228310502284,1.0
793,1,0,0.282,1,0,1,26,20.0,0.0
725,1,0,0.606,1,0,1,24,78.17625570776255,1.0
1645,1,0,0.382,1,0,1,21,20.0,0.0
99,1,0,0.326,1,0,1,22,20.0,0.0
2102,1,0,0.308,1,0,1,34,20.0,0.0
372,1,0,0.432,1,0,1,30,73.49441211954613,0.0
2666,1,0,0.298,1,0,1,51,20.0,0.0
2038,1,0,0.376,1,0,1,36,20.0,0.0
1116,1,0,0.272,1,0,1,30,78.99543378995433,1.0
284,1,0,0.886,1,0,1,37,79.85662100456621,1.0
289,1,1,0.342,1,0,1,38,20.0,0.0
1211,1,0,0.4,1,0,1,36,72.8214844052318,0.0
101,0,1,0.616,1,0,1,32,82.25114155251141,1.0
2621,1,0,0.302,1,0,1,37,20.0,0.0
375,1,0,0.446,1,0,1,52,83.61643835616438,1.0
782,1,0,0.246,1,0,1,21,20.0,0.0
1822,1,1,0.302,1,0,1,26,20.0,0.0
777,1,0,0.73,1,0,1,25,80.06666666666666,1.0
1944,1,0,0.406,1,0,1,23,60.33595937778283,0.0
1181,1,0,0.394,1,0,1,22,20.0,0.0
618,1,0,0.398,1,0,1,28,83.61643835616438,1.0
1130,1,0,0.544,1,0,0,24,81.3689497716895,1.0
2559,1,1,0.352,1,0,1,29,73.28594931855416,0.0
1416,1,1,0.348,1,0,1,26,56.12057049439088,0.0
763,1,0,0.406,1,0,1,26,20.0,0.0
409,1,0,0.634,1,0,1,50,81.05388127853881,1.0
2558,1,0,0.506,1,0,1,33,81.0958904109589,1.0
1464,1,0,0.264,1,0,1,33,20.0,0.0
816,0,0,0.776,1,0,1,20,82.2931506849315,1.0
1498,1,0,0.348,1,0,1,30,20.0,0.0
1846,1,0,0.408,1,0,0,29,20.0,0.0
2464,0,1,0.774,1,0,1,30,78.17625570776255,1.0
2370,1,0,0.378,1,0,1,34,81.26392694063927,1.0
2506,1,0,0.286,1,0,0,55,20.0,0.0
944,1,0,0.246,1,0,1,39,20.0,0.0
437,1,0,0.602,1,0,1,23,84.93972602739726,1.0
1848,1,0,0.554,1,0,1,21,60.9151109695232,0.0
1557,1,0,0.32,1,0,1,28,20.0,0.0
2113,0,1,0.384,1,0,0,31,20.0,0.0
1316,0,1,0.336,1,0,1,24,20.0,0.0
397,0,0,0.178,1,0,1,35,20.0,0.0
601,1,0,0.298,1,0,1,32,20.0,0.0
406,1,0,0.332,1,0,0,34,75.1176871871046,1.0
2133,1,0,0.518,1,0,1,50,80.51872146118723,1.0
595,1,1,0.216,1,0,1,24,20.0,0.0
2014,1,1,0.278,1,0,1,33,20.0,0.0
1915,1,0,0.224,1,0,1,36,20.0,0.0
187,1,0,0.338,1,0,0,40,20.0,0.0
1315,1,0,0.27,1,0,1,29,20.0,0.0
2118,1,0,0.522,1,0,0,25,81.70502283105023,1.0
2128,1,0,0.332,1,0,1,25,20.0,0.0
1092,0,1,0.368,1,0,1,54,20.0,0.0
1615,1,0,0.33,1,0,0,35,81.49497716894977,1.0
1921,0,1,0.612,1,0,1,34,85.61187214611873,1.0
771,1,0,0.172,1,0,1,40,20.0,0.0
95,1,0,0.286,1,0,1,35,20.0,0.0
267,1,0,0.302,1,0,0,42,20.0,0.0
1913,1,0,0.284,1,0,0,46,20.0,0.0
1250,1,0,0.484,1,0,1,40,79.33150684931506,1.0
1063,1,0,0.466,1,0,1,27,77.08401826484018,1.0
2690,1,0,0.444,1,0,0,22,81.85205479452055,1.0
2610,1,0,0.344,1,0,1,36,20.0,0.0
751,1,0,0.756,1,0,1,31,77.12602739726027,1.0
351,1,0,0.816,1,0,1,52,84.12054794520549,1.0
824,1,0,0.286,1,0,1,22,20.0,0.0
376,0,1,0.314,1,0,1,26,20.0,0.0
1077,1,0,0.41,1,0,1,27,80.78082191780823,1.0
1962,1,0,0.174,1,0,1,25,20.0,0.0
989,1,0,0.252,1,0,1,29,20.0,0.0
1251,1,1,0.702,1,0,1,58,84.03652968036529,1.0
1105,1,0,0.282,1,0,1,23,20.0,0.0
2203,1,0,0.384,1,0,1,53,20.0,0.0
947,1,0,0.4,1,0,1,32,81.93607305936074,1.0
286,1,0,0.286,1,0,1,28,20.0,0.0
332,0,0,0.316,1,0,0,24,20.0,0.0
721,1,0,0.53,1,0,0,55,58.38173515981735,0.0
2521,0,0,0.286,1,0,1,27,20.0,0.0
744,1,0,0.394,1,0,1,30,79.75159817351599,1.0
1389,1,0,0.816,1,0,1,39,80.65479452054795,1.0
1519,1,0,0.262,1,0,1,32,20.0,0.0
2574,1,0,0.462,1,0,1,25,69.63114635904832,0.0
270,1,0,0.234,1,0,1,40,20.0,0.0
2112,0,1,0.756,1,0,1,32,79.07945205479452,1.0
1206,1,0,0.244,1,0,1,47,20.0,0.0
1314,1,0,0.39,1,0,1,28,20.0,0.0
2296,1,0,0.412,1,0,1,33,20.0,0.0
1012,1,0,0.562,1,0,1,42,79.49954337899544,1.0
1040,1,0,0.288,1,0,0,23,20.0,0.0
951,1,0,0.338,1,0,1,31,20.0,0.0
153,1,0,0.636,1,0,1,46,79.68858447488584,1.0
1139,1,0,0.412,1,0,1,32,20.0,0.0
980,1,0,0.294,1,0,1,26,20.0,0.0
1014,1,0,0.278,1,0,1,30,20.0,0.0
1768,1,0,0.404,1,0,1,24,66.83648463255318,0.0
939,1,0,0.782,1,0,1,56,79.05844748858448,1.0
2524,0,1,0.532,1,0,1,31,81.0958904109589,1.0
1461,1,0,0.468,1,0,1,25,80.61278538812786,1.0
1016,1,0,0.356,1,0,1,36,20.0,0.0
2761,1,0,0.348,1,0,1,23,20.0,0.0
1769,1,0,0.374,1,0,0,31,20.0,0.0
2686,1,0,0.0,0,0,0,26,79.75159817351599,1.0
449,1,0,0.286,1,0,1,43,20.0,0.0
897,1,0,0.464,1,0,1,23,79.31050228310502,1.0
242,1,0,0.264,1,0,1,33,20.0,0.0
250,0,0,0.244,1,0,1,26,20.0,0.0
1867,1,0,0.322,1,0,0,35,20.0,0.0
1806,1,0,0.426,1,0,0,44,20.0,0.0
1961,1,0,0.292,1,0,0,36,74.00946228677022,1.0
252,1,0,0.432,1,0,1,20,70.6285595682856,0.0
14,1,0,0.532,1,0,1,58,80.65479452054795,1.0
49,1,0,0.704,1,0,1,49,80.67579908675799,1.0
1781,1,1,0.128,1,0,1,38,20.0,0.0
2437,1,0,0.24,1,0,1,28,20.0,0.0
1348,1,0,0.328,1,0,1,26,20.0,0.0
885,1,0,0.424,1,0,1,42,83.11232876712329,1.0
37,1,0,0.528,1,0,1,22,82.39817351598174,1.0
1797,1,0,0.382,1,0,1,22,79.75159817351599,1.0
716,1,0,0.358,1,0,1,48,20.0,0.0
18,1,0,0.64,1,0,1,52,81.24292237442923,1.0
1279,1,0,0.61,1,0,1,36,81.24292237442923,1.0
1429,0,0,0.314,1,0,1,29,20.0,0.0
387,1,0,0.296,1,0,0,25,20.0,0.0
1625,1,0,0.636,1,0,1,24,82.58721461187214,1.0
1039,1,0,0.516,1,0,1,32,20.0,0.0
2461,1,0,0.272,1,0,1,35,20.0,0.0
219,1,0,0.512,1,0,1,63,82.52420091324201,1.0
209,1,0,0.286,1,0,1,39,20.0,0.0
2651,0,0,0.314,1,0,0,51,20.0,0.0
2713,1,0,0.326,1,0,1,20,20.0,0.0
802,0,0,0.242,1,0,1,51,58.75447095467054,0.0
506,1,0,0.79,1,0,1,29,81.20091324200914,1.0
1803,1,0,0.304,1,0,1,27,20.0,0.0
815,1,0,0.36,1,0,1,59,59.77063694760468,0.0
1277,1,0,0.29,1,0,1,28,77.462100456621,1.0
2611,1,0,0.286,1,0,0,32,20.0,0.0
1879,1,0,0.502,1,0,1,44,20.0,0.0
2232,1,0,0.27,1,0,0,35,20.0,0.0
671,0,1,0.264,1,0,1,23,20.0,0.0
2156,1,0,0.48,1,0,0,39,20.0,0.0
2044,1,1,0.694,1,0,1,32,82.44018264840183,1.0
261,1,0,0.258,1,0,1,47,20.0,0.0
2155,1,1,0.236,1,0,0,31,20.0,0.0
125,0,0,0.656,1,0,1,34,80.82283105022832,1.0
1864,0,1,0.398,1,0,1,24,82.5662100456621,1.0
1839,1,0,0.196,1,0,1,27,20.0,0.0
265,1,0,0.284,1,0,1,54,52.54674284665336,0.0
2440,1,0,0.52,1,0,1,55,20.0,0.0
2032,1,0,0.448,1,0,1,21,20.0,0.0
1799,1,0,0.216,1,0,1,30,20.0,0.0
548,1,0,0.37,1,0,1,24,81.0958904109589,1.0
1084,0,0,0.428,1,0,0,66,20.0,0.0
2735,1,0,0.286,1,0,1,22,20.0,0.0
335,1,0,0.288,1,0,0,71,20.0,0.0
1682,0,0,0.326,1,0,0,39,20.0,0.0
1827,1,0,0.238,1,0,1,30,20.0,0.0
2555,1,0,0.806,1,0,1,25,80.06666666666666,1.0
1194,1,0,0.848,1,0,1,52,80.29771689497717,1.0
2445,1,0,0.36,1,0,1,30,67.38272898200375,0.0
164,1,0,0.864,1,0,1,50,82.6082191780822,1.0
1740,0,0,0.32,1,0,1,52,20.0,0.0
119,1,0,0.49,1,0,1,34,82.39817351598174,1.0
2656,1,0,0.332,1,0,1,21,20.0,0.0
1842,1,0,0.732,1,0,1,55,80.29771689497717,1.0
1862,1,1,0.286,1,0,1,31,20.0,0.0
2193,1,0,0.314,1,0,1,22,20.0,0.0
832,1,0,0.626,1,0,1,24,52.107489947522666,0.0
1256,0,1,0.59,1,0,1,41,77.39908675799087,1.0
217,1,0,0.21,1,0,0,44,20.0,0.0
97,1,0,0.406,1,0,0,39,20.0,0.0
2353,1,0,0.338,1,0,1,29,20.0,0.0
1516,1,0,0.0,0,0,0,32,68.61798846431147,0.0
1106,1,0,0.28,1,0,1,24,20.0,0.0
1607,1,1,0.578,1,0,1,24,78.61735159817351,1.0
733,1,0,0.486,1,0,1,25,20.0,0.0
1345,1,0,0.306,1,0,1,22,20.0,0.0
1971,1,0,0.284,1,0,1,22,80.46575342465754,1.0
1152,0,0,0.29,1,0,1,63,20.0,0.0
1239,1,0,0.334,1,0,0,26,20.0,0.0
2402,1,0,0.428,1,0,1,23,55.013656153764465,0.0
952,0,0,0.264,1,0,1,60,20.0,0.0
77,0,1,0.74,1,0,1,29,84.60365296803653,1.0
2652,1,0,0.536,1,0,1,24,80.59178082191781,1.0
2322,1,0,0.612,1,0,1,26,53.91526595088239,0.0
211,1,0,0.336,1,0,1,22,20.0,0.0
2073,1,0,0.482,1,0,1,50,79.31050228310502,1.0
500,1,0,0.358,1,0,1,44,20.0,0.0
1447,1,0,0.204,1,0,1,39,20.0,0.0
235,0,1,0.29,1,0,1,37,20.0,0.0
1866,1,0,0.352,1,0,1,31,20.0,0.0
2435,1,0,0.26,1,0,1,35,20.0,0.0
780,1,0,0.37,1,0,1,42,20.0,0.0
1807,1,0,0.286,1,0,1,22,20.0,0.0
354,1,0,0.108,1,0,1,37,74.9032317745237,1.0
2547,1,0,0.806,1,0,1,28,82.39817351598174,1.0
2355,1,1,0.358,1,0,0,39,20.0,0.0
492,1,0,0.388,1,0,1,29,20.0,0.0
996,1,0,0.626,1,0,1,45,79.01643835616439,1.0
1311,1,0,0.294,1,0,0,37,20.0,0.0
1007,1,0,0.466,1,0,1,26,76.73348722218017,1.0
1421,1,0,0.262,1,0,1,25,20.0,0.0
116,1,0,0.314,1,0,1,38,20.0,0.0
2489,1,0,0.37,1,0,1,32,20.0,0.0
1753,1,1,0.58,1,0,1,24,78.11324200913242,1.0
1045,1,0,0.58,1,0,1,42,20.0,0.0
2169,1,0,0.792,1,0,1,32,80.59178082191781,1.0
1551,1,0,0.224,1,0,1,25,20.0,0.0
278,1,0,0.294,1,0,1,50,20.0,0.0
1259,0,1,0.478,1,0,0,25,79.42521342068693,1.0
1278,0,1,0.874,1,0,1,56,78.74337899543379,1.0
800,1,0,0.57,1,0,1,63,20.0,0.0
1172,1,0,0.286,1,0,1,21,61.658180075178485,0.0
59,1,0,0.514,1,0,1,36,80.3607305936073,1.0
2395,0,1,0.452,1,0,1,20,78.40730593607306,1.0
2660,1,0,0.704,1,0,1,34,20.0,0.0
1633,1,0,0.442,1,0,1,20,81.17990867579908,1.0
2352,0,1,0.352,1,0,1,50,20.0,0.0
557,1,0,0.794,1,0,1,52,77.42009132420091,1.0
2130,1,0,0.32,1,0,0,27,20.0,0.0
2478,1,0,0.368,1,0,1,41,20.0,0.0
2595,1,0,0.362,1,0,1,32,78.74337899543379,1.0
2236,1,0,0.392,1,0,1,27,20.0,0.0
827,1,0,0.316,1,0,1,51,20.0,0.0
247,1,0,0.32,1,0,1,31,20.0,0.0
2601,1,0,0.254,1,0,0,29,20.0,0.0
2454,1,0,0.34,1,0,1,28,20.0,0.0
1553,1,0,0.9,1,0,1,56,81.32694063926941,1.0
1495,1,0,0.618,1,0,1,20,79.10245367162376,1.0
1404,1,0,0.338,1,0,1,31,20.0,0.0
4,1,0,0.646,1,0,1,25,81.17990867579908,1.0
685,1,0,0.334,1,0,1,38,20.0,0.0
72,1,0,0.286,1,0,1,48,20.0,0.0
1732,1,0,0.218,1,0,0,24,20.0,0.0
1543,0,0,0.386,1,0,1,55,20.0,0.0
1659,1,0,0.476,1,0,1,44,82.1041095890411,1.0
588,1,0,0.286,1,0,1,32,20.0,0.0
680,1,0,0.378,1,0,0,55,20.0,0.0
1051,1,0,0.29,1,0,1,48,20.0,0.0
854,1,0,0.318,1,0,1,43,20.0,0.0
513,1,0,0.446,1,0,1,31,82.20913242009132,1.0
1579,0,0,0.57,1,0,1,66,83.84748858447489,1.0
2509,1,0,0.348,1,0,1,30,20.0,0.0
2339,1,0,0.728,1,0,1,25,80.80182648401826,1.0
2056,1,0,0.742,1,0,1,29,80.82283105022832,1.0
1673,0,0,0.508,1,0,1,20,78.63835616438357,1.0
104,1,0,0.286,1,0,1,47,52.40746214852199,0.0
2691,1,0,0.822,1,0,1,63,82.1041095890411,1.0
2067,1,0,0.286,1,0,1,52,85.40182648401826,1.0
873,1,1,0.188,1,0,1,33,20.0,0.0
810,1,0,0.502,1,0,1,23,78.84840182648402,1.0
1690,1,0,0.466,1,0,1,30,20.0,0.0
1670,1,0,0.344,1,0,1,24,20.0,0.0
264,1,0,0.9,1,0,1,61,83.11232876712329,1.0
1467,1,0,0.788,1,0,1,53,81.32694063926941,1.0
2548,1,0,0.378,1,0,1,31,20.0,0.0
1170,1,0,0.37,1,0,0,50,82.25114155251141,1.0
2563,1,0,0.546,1,0,1,45,85.0027397260274,1.0
2415,1,0,0.572,1,0,1,48,20.0,0.0
69,0,0,0.286,1,0,0,27,20.0,0.0
1471,1,0,0.286,1,0,1,20,57.64657534246575,0.0
2007,1,0,0.434,1,0,1,32,77.7351598173516,1.0
710,1,0,0.31,1,0,1,28,20.0,0.0
2264,1,0,0.472,1,0,1,45,78.59634703196348,1.0
1580,1,0,0.318,1,0,1,26,20.0,0.0
1612,1,0,0.286,1,0,1,22,20.0,0.0
74,1,0,0.366,1,0,0,23,20.0,0.0
2398,1,0,0.316,1,0,0,27,20.0,0.0
1027,0,1,0.384,1,0,0,45,83.86849315068493,1.0
961,0,0,0.386,1,0,0,73,20.0,0.0
1132,1,1,0.368,1,0,1,46,20.0,0.0
51,1,0,0.408,1,0,1,36,83.35021086001804,1.0
509,1,0,0.734,1,0,1,25,81.78904109589041,1.0
206,1,0,0.332,1,0,0,29,20.0,0.0
2432,1,0,0.234,1,0,0,33,20.0,0.0
2528,1,0,0.454,1,0,1,38,81.78904109589041,1.0
1595,1,0,0.268,1,0,1,22,20.0,0.0
234,1,0,0.334,1,0,0,28,20.0,0.0
627,1,0,0.396,1,0,1,28,20.0,0.0
2422,1,0,0.746,1,0,0,26,20.0,0.0
120,1,0,0.866,1,0,1,64,79.03744292237442,1.0
1689,0,0,0.332,1,0,1,42,20.0,0.0
639,1,0,0.524,1,0,1,24,78.55433789954338,1.0
629,1,0,0.218,1,0,1,54,20.0,0.0
1330,1,0,0.418,1,0,1,62,78.53333333333333,1.0
2396,1,0,0.518,1,0,0,20,20.0,0.0
1805,1,0,0.286,1,0,1,43,20.0,0.0
524,1,0,0.29,1,0,1,39,20.0,0.0
2642,1,0,0.258,1,0,1,20,20.0,0.0
1468,1,0,0.828,1,0,1,31,80.67579908675799,1.0
2579,1,0,0.576,1,0,1,31,20.0,0.0
222,1,0,0.676,1,0,1,27,81.17990867579908,1.0
999,0,0,0.286,1,0,1,46,80.96986301369863,1.0
255,1,0,0.9,1,0,1,46,81.99908675799087,1.0
1310,1,0,0.134,1,0,1,34,20.0,0.0
681,1,0,0.376,1,0,1,22,48.89574913595197,0.0
1874,1,1,0.28,1,0,1,37,20.0,0.0
1742,1,0,0.43,1,0,1,31,20.0,0.0
1443,1,0,0.366,1,0,1,39,20.0,0.0
1294,1,0,0.332,1,0,1,23,20.0,0.0
641,1,0,0.56,1,0,1,26,82.86027397260274,1.0
2564,1,0,0.664,1,0,1,28,81.07488584474886,1.0
803,1,0,0.326,1,0,1,28,20.0,0.0
2062,1,0,0.322,1,0,0,46,20.0,0.0
906,0,0,0.38,1,0,1,33,78.61735159817351,1.0
299,0,0,0.87,1,0,1,23,82.98630136986301,1.0
1937,0,0,0.286,1,0,1,57,20.0,0.0
364,1,0,0.458,1,0,1,19,20.0,0.0
1011,1,0,0.606,1,0,1,35,80.52876712328766,1.0
600,1,0,0.396,1,0,1,53,20.0,0.0
1745,1,0,0.574,1,0,1,36,20.0,0.0
1861,1,0,0.286,1,0,0,27,20.0,0.0
2534,1,0,0.412,1,0,0,31,20.0,0.0
190,1,0,0.268,1,0,1,40,20.0,0.0
916,0,0,0.314,1,0,1,49,20.0,0.0
2512,1,0,0.46,1,0,1,47,78.61735159817351,1.0
486,1,0,0.27,1,0,1,21,20.0,0.0
1847,1,0,0.472,1,0,1,28,78.9744292237443,1.0
688,1,0,0.62,1,0,1,46,81.22191780821917,1.0
2659,1,0,0.302,1,0,1,61,20.0,0.0
85,1,1,0.532,1,0,0,34,20.0,0.0
1323,1,0,0.284,1,0,0,38,20.0,0.0
807,1,0,0.27,1,0,1,25,20.0,0.0
2416,1,0,0.336,1,0,1,25,20.0,0.0
934,1,0,0.292,1,0,1,47,41.8054794520548,0.0
1870,1,0,0.372,1,0,1,24,67.49684355189076,0.0
875,1,0,0.264,1,0,1,36,20.0,0.0
942,1,0,0.314,1,0,0,27,20.0,0.0
2327,1,0,0.3,1,0,1,36,20.0,0.0
86,1,1,0.302,1,0,0,30,81.07488584474886,1.0
11,0,1,0.35,1,0,1,31,20.0,0.0
2094,1,0,0.482,1,0,1,39,79.07945205479452,1.0
1299,1,0,0.252,1,0,1,36,20.0,0.0
2741,1,0,0.704,1,0,1,29,81.61166309071905,1.0
2680,0,0,0.28,1,0,0,41,20.0,0.0
2749,1,0,0.446,1,0,1,27,81.68401826484018,1.0
81,0,0,0.348,1,0,1,30,80.15068493150685,1.0
2619,1,0,0.452,1,0,1,48,78.7013698630137,1.0
1506,1,0,0.286,1,0,0,50,20.0,0.0
985,1,0,0.33,1,0,1,38,78.68036529680366,1.0
1434,1,0,0.504,1,0,1,34,83.88949771689498,1.0
2473,1,0,0.416,1,0,1,27,20.0,0.0
2084,1,0,0.33,1,0,1,22,83.3013698630137,1.0
420,1,0,0.384,1,0,1,39,77.12602739726027,1.0
650,1,0,0.244,1,0,0,34,20.0,0.0
2036,0,1,0.388,1,0,1,42,20.0,0.0
2541,1,0,0.682,1,0,1,35,80.65479452054795,1.0
1417,1,0,0.48,1,0,1,30,20.0,0.0
312,0,0,0.512,1,0,1,21,82.2931506849315,1.0
33,1,0,0.36,1,0,1,40,20.0,0.0
1369,1,0,0.486,1,0,1,28,20.0,0.0
1514,1,1,0.354,1,0,1,49,78.2392694063927,1.0
301,1,0,0.584,1,0,1,21,81.53698630136986,1.0
1231,1,0,0.286,1,0,1,22,71.19636545471295,0.0
930,1,0,0.232,1,0,1,39,20.0,0.0
1979,0,1,0.57,1,0,1,57,20.0,0.0
1927,1,0,0.328,1,0,1,24,20.0,0.0
1298,1,0,0.704,1,0,1,27,81.11689497716895,1.0
2288,1,0,0.528,1,0,1,34,80.88584474885845,1.0
1319,1,0,0.704,1,0,1,24,81.66301369863014,1.0
1597,1,0,0.282,1,0,1,33,20.0,0.0
395,1,0,0.338,1,0,0,20,20.0,0.0
213,1,0,0.458,1,0,1,23,77.81917808219178,1.0
1970,0,1,0.264,1,0,1,30,20.0,0.0
2483,1,0,0.7,1,0,1,21,80.38173515981735,1.0
64,1,0,0.396,1,0,1,32,78.21826484018266,1.0
1038,1,0,0.442,1,0,1,41,83.28036529680365,1.0
1547,1,0,0.296,1,0,1,50,20.0,0.0
2380,1,0,0.66,1,0,1,32,82.12511415525114,1.0
1541,1,0,0.284,1,0,0,43,20.0,0.0
2309,0,0,0.33,1,0,1,36,20.0,0.0
1477,1,0,0.288,1,0,1,23,20.0,0.0
1189,1,1,0.518,1,0,1,23,20.0,0.0
967,1,0,0.212,1,0,1,55,78.00821917808219,1.0
507,1,0,0.276,1,0,1,33,20.0,0.0
1214,1,0,0.382,1,0,1,35,20.0,0.0
1692,1,0,0.224,1,0,0,35,20.0,0.0
2526,1,0,0.286,1,0,1,28,20.0,0.0
2485,1,0,0.284,1,0,1,29,20.0,0.0
2143,1,0,0.252,1,0,1,33,20.0,0.0
2740,0,0,0.368,1,0,1,41,20.0,0.0
699,1,0,0.228,1,0,1,26,20.0,0.0
79,1,0,0.354,1,0,1,24,81.43196347031963,1.0
2715,1,0,0.302,1,0,1,33,84.16255707762556,1.0
1024,1,0,0.348,1,0,0,28,20.0,0.0
405,1,0,0.348,1,0,1,24,20.0,0.0
1133,1,0,0.244,1,0,1,23,20.0,0.0
2655,1,0,0.326,1,0,1,43,20.0,0.0
2195,1,0,0.706,1,0,1,36,80.9068493150685,1.0
1222,1,0,0.548,1,0,1,37,80.38173515981735,1.0
300,1,0,0.606,1,0,1,50,81.34794520547945,1.0
971,0,1,0.254,1,0,1,35,41.55249396504087,0.0
482,1,0,0.224,1,0,0,35,20.0,0.0
1268,1,0,0.59,1,0,1,31,77.25205479452055,1.0
892,0,0,0.288,1,0,1,42,20.0,0.0
2187,1,0,0.698,1,0,1,39,81.91506849315068,1.0
2337,1,0,0.35,1,0,1,26,20.0,0.0
263,1,0,0.64,1,0,1,23,82.16712328767123,1.0
804,1,0,0.272,1,0,1,42,20.0,0.0
404,1,0,0.708,1,0,1,31,78.11324200913242,1.0
2142,1,0,0.794,1,0,1,28,78.89041095890411,1.0
2230,1,1,0.286,1,0,1,29,83.46940639269407,1.0
709,1,0,0.742,1,0,1,23,78.9744292237443,1.0
201,0,1,0.514,1,0,1,29,62.90576376324631,0.0
2654,1,0,0.738,1,0,1,32,83.17534246575343,1.0
1881,1,1,0.64,1,0,0,58,20.0,0.0
762,0,1,0.286,1,0,1,38,20.0,0.0
890,1,0,0.232,1,0,1,28,20.0,0.0
566,1,0,0.334,1,0,1,31,82.90228310502283,1.0
2732,1,0,0.704,1,0,1,28,80.73881278538813,1.0
1717,1,0,0.286,1,0,1,48,20.0,0.0
684,1,0,0.502,1,0,1,20,84.18356164383562,1.0
1883,1,0,0.608,1,0,1,36,80.88584474885845,1.0
1972,1,0,0.382,1,0,1,48,80.48675799086757,1.0
1869,1,0,0.834,1,0,1,29,78.13424657534246,1.0
1005,1,0,0.706,1,0,1,34,84.43561643835616,1.0
657,1,0,0.416,1,0,0,41,20.0,0.0
1860,1,0,0.488,1,0,1,22,80.9068493150685,1.0
2753,0,0,0.574,1,0,1,71,78.4703196347032,1.0
446,1,0,0.266,1,0,1,37,20.0,0.0
2631,1,0,0.35,1,0,1,26,80.59178082191781,1.0
2728,1,0,0.392,1,0,1,26,53.659258692380305,0.0
2146,1,1,0.22,1,0,0,28,20.0,0.0
959,1,0,0.644,1,0,1,21,78.17625570776255,1.0
1691,1,0,0.566,1,0,1,25,41.230593607305934,0.0
436,1,0,0.548,1,0,1,23,78.55433789954338,1.0
1435,1,1,0.372,1,0,1,34,20.0,0.0
2614,1,0,0.286,1,0,1,20,20.0,0.0
475,1,0,0.286,1,0,1,30,20.0,0.0
729,1,0,0.33,1,0,1,26,20.0,0.0
2179,1,0,0.584,1,0,1,22,78.86940639269406,1.0
31,1,0,0.35,1,0,1,35,20.0,0.0
2042,1,0,0.376,1,0,1,42,20.0,0.0
1851,1,0,0.63,1,0,1,42,77.58812785388128,1.0
1791,1,0,0.478,1,0,1,21,68.31163922992907,0.0
1554,1,0,0.268,1,0,1,24,20.0,0.0
394,1,0,0.35,1,0,1,37,20.0,0.0
845,1,0,0.63,1,0,1,25,80.94885844748859,1.0
1875,1,0,0.562,1,0,0,24,77.7351598173516,1.0
2031,0,0,0.558,1,0,1,58,77.67214611872146,1.0
1688,1,1,0.31,1,0,1,26,20.0,0.0
2685,0,0,0.326,1,0,0,63,20.0,0.0
1025,1,0,0.798,1,0,1,58,78.4703196347032,1.0
649,1,0,0.312,1,0,1,22,20.0,0.0
1823,0,0,0.328,1,0,1,35,20.0,0.0
2027,1,0,0.336,1,0,1,60,20.0,0.0
690,0,0,0.646,1,0,1,21,80.6337899543379,1.0
2348,1,0,0.504,1,0,1,26,81.38995433789954,1.0
991,1,0,0.248,1,0,0,33,20.0,0.0
2702,1,1,0.498,1,0,1,25,79.46088280060883,1.0
2490,1,0,0.286,1,0,1,21,20.0,0.0
672,0,1,0.686,1,0,1,51,79.20547945205479,1.0
1587,1,0,0.77,1,0,1,26,84.64566210045662,1.0
2742,1,0,0.38,1,0,1,57,20.0,0.0
2467,1,0,0.432,1,0,1,25,81.70502283105023,1.0
502,1,0,0.314,1,0,1,26,20.0,0.0
756,1,0,0.286,1,0,1,23,20.0,0.0
512,1,0,0.27,1,0,0,41,20.0,0.0
1880,0,0,0.796,1,0,1,55,80.59178082191781,1.0
2040,1,0,0.55,1,0,0,29,20.0,0.0
1306,1,0,0.732,1,0,1,55,78.17625570776255,1.0
1466,1,0,0.23,1,0,1,26,20.0,0.0
493,1,0,0.56,1,0,1,23,83.46940639269407,1.0
805,1,0,0.244,1,0,1,31,20.0,0.0
1205,1,0,0.778,1,0,1,38,79.58356164383562,1.0
2048,1,0,0.362,1,0,0,33,79.3945205479452,1.0
438,1,0,0.508,1,0,1,27,20.0,0.0
2092,1,0,0.106,1,0,1,26,20.0,0.0
2706,1,0,0.39,1,0,0,42,20.0,0.0
575,1,0,0.394,1,0,1,23,20.0,0.0
1207,1,0,0.384,1,0,1,47,77.71415525114155,1.0
594,1,0,0.33,1,0,0,30,20.0,0.0
2618,1,0,0.852,1,0,1,49,63.600027260955486,0.0
1792,1,0,0.606,1,0,1,57,81.76803652968036,1.0
1191,1,0,0.338,1,0,1,27,78.40730593607306,1.0
1832,1,0,0.442,1,0,1,34,73.12041364491002,0.0
1705,1,0,0.656,1,0,0,34,78.17625570776255,1.0
1605,1,0,0.232,1,0,0,56,20.0,0.0
625,1,0,0.466,1,0,1,29,84.43561643835616,1.0
1940,0,0,0.33,1,0,0,35,20.0,0.0
1793,1,0,0.586,1,0,1,24,79.1214611872146,1.0
1843,1,0,0.59,1,0,1,21,82.6082191780822,1.0
1684,1,0,0.37,1,0,1,48,20.0,0.0
1186,1,0,0.362,1,0,1,32,20.0,0.0
47,1,0,0.344,1,0,1,27,20.0,0.0
2191,1,0,0.396,1,0,1,44,79.87100456621005,1.0
2701,1,0,0.494,1,0,1,32,78.2392694063927,1.0
858,1,0,0.422,1,0,1,21,77.86118721461187,1.0
1667,0,1,0.592,1,0,1,46,83.32237442922374,1.0
2514,0,1,0.286,1,0,1,51,83.51141552511416,1.0
2700,1,0,0.376,1,0,0,23,20.0,0.0
1844,0,0,0.87,1,0,1,52,82.58721461187214,1.0
134,1,0,0.698,1,0,1,30,82.27214611872147,1.0
2705,1,0,0.282,1,0,1,32,20.0,0.0
1726,1,0,0.474,1,0,1,38,20.0,0.0
2127,1,0,0.224,1,0,1,45,20.0,0.0
724,1,0,0.51,1,0,0,21,81.5579908675799,1.0
586,1,0,0.774,1,0,1,23,79.62557077625571,1.0
1057,1,0,0.822,1,0,1,61,83.11232876712329,1.0
1400,1,0,0.522,1,0,1,24,77.21004566210046,1.0
2392,1,0,0.638,1,0,0,22,82.52420091324201,1.0
2591,1,0,0.268,1,0,1,26,20.0,0.0
1524,1,0,0.69,1,0,1,46,80.61278538812786,1.0
2266,1,0,0.312,1,0,1,20,20.0,0.0
1248,1,1,0.286,1,0,1,32,81.34794520547945,1.0
1257,1,0,0.228,1,0,0,23,20.0,0.0
1003,0,0,0.388,1,0,1,63,20.0,0.0
432,1,0,0.344,1,0,1,59,77.52511415525115,1.0
928,1,0,0.244,1,0,1,46,20.0,0.0
750,1,0,0.286,1,0,1,21,20.0,0.0
2331,1,0,0.346,1,0,1,29,20.0,0.0
1734,1,0,0.292,1,0,1,36,20.0,0.0
605,1,0,0.286,1,0,1,28,79.05844748858448,1.0
236,1,0,0.67,1,0,1,52,79.60456621004566,1.0
1237,1,0,0.354,1,0,1,37,20.0,0.0
1539,1,0,0.31,1,0,1,44,20.0,0.0
2172,0,1,0.722,1,0,1,32,79.49954337899544,1.0
656,1,0,0.286,1,0,0,24,84.64566210045662,1.0
2148,1,0,0.286,1,0,1,47,77.94520547945206,1.0
1959,1,0,0.286,1,0,1,51,20.0,0.0
304,1,0,0.734,1,0,1,24,82.52420091324201,1.0
2552,1,0,0.458,1,0,1,22,77.7351598173516,1.0
1669,1,0,0.74,1,0,1,24,81.21940639269407,1.0
1828,1,1,0.32,1,0,1,29,53.85202793446146,0.0
1036,1,0,0.212,1,0,1,48,78.38630136986302,1.0
1489,0,1,0.36,1,0,1,24,20.0,0.0
977,0,0,0.4,1,0,1,21,78.86940639269406,1.0
378,1,1,0.296,1,0,1,29,20.0,0.0
214,0,0,0.648,1,0,0,32,20.0,0.0
894,1,1,0.286,1,0,1,24,77.9662100456621,1.0
2744,1,0,0.9,1,0,1,58,81.62100456621005,1.0
1385,1,0,0.378,1,0,1,30,20.0,0.0
925,1,0,0.554,1,0,1,44,85.21278538812786,1.0
1602,1,0,0.816,1,0,1,39,80.82283105022832,1.0
1096,1,0,0.31,1,0,1,36,20.0,0.0
281,1,0,0.286,1,0,1,31,20.0,0.0
988,0,1,0.286,1,0,1,29,20.0,0.0
413,1,0,0.334,1,0,1,71,20.0,0.0
940,1,0,0.442,1,0,1,25,81.0958904109589,1.0
2400,1,1,0.16,1,0,0,24,20.0,0.0
543,1,0,0.484,1,0,1,28,77.86118721461187,1.0
2369,1,0,0.19,1,0,1,24,20.0,0.0
510,0,0,0.298,1,0,1,42,20.0,0.0
565,1,0,0.512,1,0,1,54,74.07762557077626,1.0
471,1,0,0.214,1,0,1,25,20.0,0.0
1204,1,0,0.2,1,0,1,35,20.0,0.0
1080,1,0,0.664,1,0,1,25,80.38173515981735,1.0
745,1,0,0.838,1,0,1,48,81.97808219178083,1.0
1752,1,0,0.332,1,0,1,29,20.0,0.0
2096,1,0,0.738,1,0,1,37,82.37716894977169,1.0
1309,1,0,0.228,1,0,1,39,20.0,0.0
2530,1,0,0.722,1,0,1,51,81.97808219178083,1.0
13,1,0,0.794,1,0,1,53,80.3607305936073,1.0
274,1,0,0.738,1,0,1,31,79.01643835616439,1.0
1982,1,0,0.28,1,0,1,53,20.0,0.0
2721,1,0,0.446,1,0,1,28,79.60456621004566,1.0
848,1,0,0.29,1,0,1,22,79.18447488584475,1.0
314,1,0,0.792,1,0,1,60,70.0,1.0
2484,1,0,0.378,1,0,1,51,20.0,0.0
1929,1,0,0.324,1,0,1,23,20.0,0.0
884,1,0,0.796,1,0,1,54,81.20091324200914,1.0
1573,1,0,0.328,1,0,0,33,20.0,0.0
2689,1,0,0.292,1,0,1,28,20.0,0.0
1374,1,0,0.404,1,0,1,21,20.0,0.0
1694,1,0,0.278,1,0,1,26,20.0,0.0
361,1,0,0.754,1,0,1,25,79.77260273972603,1.0
2501,0,1,0.524,1,0,1,33,85.38082191780822,1.0
1300,1,0,0.696,1,0,1,41,82.12511415525114,1.0
1951,1,0,0.51,1,0,0,22,20.0,0.0
573,1,0,0.266,1,0,1,32,20.0,0.0
628,0,1,0.364,1,0,0,36,20.0,0.0
825,1,0,0.216,1,0,0,37,20.0,0.0
1351,1,0,0.362,1,0,1,31,20.0,0.0
1228,1,0,0.828,1,0,1,31,81.53698630136986,1.0
183,1,0,0.406,1,0,1,53,61.3818350456621,0.0
345,1,0,0.298,1,0,1,23,20.0,0.0
2387,1,0,0.488,1,0,1,37,75.01263124218364,1.0
1995,0,0,0.306,1,0,1,34,20.0,0.0
1165,1,0,0.468,1,0,1,40,20.0,0.0
2709,1,0,0.212,1,0,1,27,20.0,0.0
879,1,0,0.672,1,0,1,35,79.87762557077626,1.0
2078,1,1,0.206,1,0,1,28,20.0,0.0
487,1,0,0.492,1,0,1,22,77.14703196347033,1.0
447,1,0,0.468,1,0,0,25,20.0,0.0
2364,1,0,0.59,1,0,1,72,84.60365296803653,1.0
1383,1,0,0.438,1,0,1,35,20.0,0.0
1422,1,0,0.792,1,0,1,26,85.27579908675798,1.0
1261,1,1,0.354,1,0,1,38,20.0,0.0
205,1,0,0.336,1,0,1,26,20.0,0.0
2712,1,0,0.286,1,0,0,25,80.75981735159817,1.0
1646,1,0,0.642,1,0,1,23,72.08560907350126,0.0
2720,1,0,0.562,1,0,1,33,20.0,0.0
698,1,0,0.274,1,0,1,62,20.0,0.0
2020,1,0,0.216,1,0,1,35,20.0,0.0
687,1,0,0.334,1,0,1,56,20.0,0.0
607,1,0,0.326,1,0,1,35,20.0,0.0
1269,1,0,0.458,1,0,1,29,83.25936073059361,1.0
1059,0,1,0.282,1,0,1,47,20.0,0.0
35,0,1,0.596,1,0,1,32,79.58356164383562,1.0
1098,1,0,0.416,1,0,1,49,79.85662100456621,1.0
1594,1,0,0.522,1,0,1,27,53.16202835856766,0.0
1628,0,0,0.828,1,0,1,59,81.41095890410959,1.0
937,1,1,0.122,1,0,0,26,20.0,0.0
1650,0,1,0.764,1,0,1,56,59.170490867579915,0.0
511,1,0,0.286,1,0,1,47,82.25114155251141,1.0
1666,1,0,0.594,1,0,1,28,82.44018264840183,1.0
623,1,0,0.35,1,0,1,29,20.0,0.0
2368,1,1,0.468,1,0,1,22,81.91506849315068,1.0
1104,1,0,0.234,1,0,0,29,20.0,0.0
1695,1,0,0.36,1,0,1,32,78.86940639269406,1.0
808,1,0,0.326,1,0,1,32,20.0,0.0
2385,1,0,0.656,1,0,1,24,78.32328767123288,1.0
1360,1,0,0.594,1,0,1,23,79.58356164383562,1.0
371,0,1,0.3,1,0,1,32,77.39908675799087,1.0
1675,0,0,0.286,1,0,1,38,20.0,0.0
2310,1,0,0.29,1,0,1,29,20.0,0.0
760,1,0,0.266,1,0,1,47,20.0,0.0
1528,1,0,0.444,1,0,1,30,68.02401946122711,0.0
2122,1,0,0.366,1,0,1,32,20.0,0.0
1026,1,0,0.746,1,0,1,50,78.89041095890411,1.0
359,1,1,0.38,1,0,1,37,20.0,0.0
1465,1,0,0.702,1,0,0,33,81.76803652968036,1.0
889,1,0,0.342,1,0,1,37,20.0,0.0
2738,1,0,0.56,1,0,1,22,79.68957949976146,1.0
1200,1,0,0.17,1,0,1,25,20.0,0.0
1917,1,0,0.694,1,0,1,25,81.51598173515981,1.0
683,1,0,0.272,1,0,1,49,20.0,0.0
1599,1,0,0.342,1,0,1,36,20.0,0.0
329,1,0,0.494,1,0,1,35,20.0,0.0
1252,1,0,0.262,1,0,1,40,20.0,0.0
945,1,0,0.488,1,0,1,24,80.96986301369863,1.0
933,1,0,0.722,1,0,1,24,79.75159817351599,1.0
505,1,0,0.308,1,0,1,34,20.0,0.0
2679,1,0,0.286,1,0,1,25,81.5579908675799,1.0
2274,1,0,0.762,1,0,1,46,77.25205479452055,1.0
1459,1,0,0.326,1,0,1,47,20.0,0.0
620,1,1,0.308,1,0,1,50,20.0,0.0
583,1,0,0.398,1,0,1,28,20.0,0.0
1126,1,0,0.346,1,0,1,42,78.95502283105023,1.0
1702,0,1,0.416,1,0,1,23,20.0,0.0
2522,1,0,0.328,1,0,1,36,77.56712328767124,1.0
374,1,0,0.466,1,0,1,27,81.81004566210046,1.0
864,1,0,0.424,1,0,0,45,57.31271453314439,0.0
194,0,0,0.548,1,0,1,27,83.70045662100456,1.0
421,1,0,0.358,1,0,1,36,20.0,0.0
2549,1,0,0.632,1,0,1,58,78.4703196347032,1.0
1188,1,0,0.36,1,0,1,35,20.0,0.0
866,1,0,0.246,1,0,1,33,20.0,0.0
2384,1,0,0.414,1,0,1,32,20.0,0.0
2545,1,0,0.254,1,0,1,48,20.0,0.0
1661,1,0,0.596,1,0,1,31,83.0283105022831,1.0
2269,1,0,0.514,1,0,1,35,84.91872146118722,1.0
1494,0,1,0.408,1,0,0,29,20.0,0.0
1354,1,0,0.852,1,0,1,56,80.29771689497717,1.0
1478,1,0,0.152,1,0,1,20,20.0,0.0
954,1,0,0.284,1,0,1,24,20.0,0.0
1872,1,0,0.354,1,0,1,45,20.0,0.0
1046,0,1,0.442,1,0,1,49,20.0,0.0
1028,0,1,0.794,1,0,1,48,80.38173515981735,1.0
271,1,0,0.408,1,0,1,35,81.5579908675799,1.0
655,1,0,0.696,1,0,1,29,84.56164383561644,1.0
401,0,0,0.286,1,0,1,40,20.0,0.0
2760,1,0,0.316,1,0,1,33,20.0,0.0
530,1,0,0.77,1,0,1,69,82.46118721461187,1.0
772,1,0,0.674,1,0,1,31,82.2931506849315,1.0
1297,1,0,0.588,1,0,1,51,81.34794520547945,1.0
1997,1,0,0.372,1,0,1,54,20.0,0.0
1578,1,0,0.244,1,0,1,24,20.0,0.0
2589,1,0,0.9,1,0,1,52,81.93607305936074,1.0
1641,1,0,0.574,1,0,1,27,77.2730593607306,1.0
2291,1,0,0.19,1,0,1,27,20.0,0.0
1018,0,0,0.0,0,0,0,51,43.84840182648402,0.0
310,1,0,0.864,1,0,1,52,81.99908675799087,1.0
2302,0,0,0.258,1,0,1,45,20.0,0.0
2184,0,0,0.286,1,0,1,50,81.68401826484018,1.0
67,1,0,0.436,1,0,1,41,80.21369863013699,1.0
2717,1,1,0.332,1,0,1,35,20.0,0.0
103,1,0,0.402,1,0,1,28,79.81461187214612,1.0
759,1,0,0.372,1,0,1,29,20.0,0.0
1677,1,0,0.724,1,0,1,44,79.05844748858448,1.0
1841,1,0,0.304,1,0,0,29,20.0,0.0
2256,1,0,0.768,1,0,1,37,83.40639269406392,1.0
1681,1,0,0.338,1,0,0,53,20.0,0.0
2313,1,0,0.54,1,0,1,29,78.7013698630137,1.0
362,1,0,0.218,1,0,1,45,20.0,0.0
288,0,1,0.576,1,0,1,84,64.55869386682436,0.0
652,1,0,0.36,1,0,1,27,20.0,0.0
1987,1,1,0.31,1,0,1,22,79.58356164383562,1.0
1483,0,1,0.35,1,0,1,31,20.0,0.0
1312,1,0,0.216,1,0,1,28,78.18490747416486,1.0
706,1,0,0.216,1,0,1,21,20.0,0.0
275,1,0,0.476,1,0,1,21,20.0,0.0
2284,1,0,0.464,1,0,1,25,82.58721461187214,1.0
2518,0,0,0.346,1,0,1,50,20.0,0.0
1313,0,0,0.562,1,0,1,42,80.04668471276625,1.0
1559,1,0,0.708,1,0,1,24,82.98630136986301,1.0
855,0,0,0.28,1,0,1,58,20.0,0.0
1476,1,0,0.344,1,0,1,28,77.2730593607306,1.0
2326,1,0,0.272,1,0,0,25,20.0,0.0
1487,0,0,0.286,1,0,1,28,20.0,0.0
2542,1,1,0.682,1,0,1,20,79.94063926940639,1.0
257,1,0,0.37,1,0,1,29,82.39817351598174,1.0
1361,1,0,0.41,1,0,1,27,18.357407947148545,0.0
676,1,0,0.74,1,0,1,24,79.47853881278539,1.0
532,1,0,0.536,1,0,1,35,82.12511415525114,1.0
215,1,0,0.366,1,0,0,46,20.0,0.0
648,1,0,0.244,1,0,0,24,20.0,0.0
2471,1,0,0.376,1,0,1,24,20.0,0.0
2034,1,0,0.362,1,0,1,32,20.0,0.0
94,1,0,0.334,1,0,0,26,20.0,0.0
126,1,0,0.518,1,0,1,22,78.44931506849315,1.0
1475,1,0,0.678,1,0,1,23,82.35616438356165,1.0
830,1,0,0.238,1,0,1,34,20.0,0.0
1041,1,0,0.56,1,0,1,48,83.57442922374429,1.0
2114,0,1,0.484,1,0,1,46,78.00821917808219,1.0
2755,1,0,0.622,1,0,1,21,81.70502283105023,1.0
1469,1,0,0.532,1,0,1,37,78.68036529680366,1.0
1949,1,0,0.322,1,0,1,22,20.0,0.0
2157,1,0,0.6,1,0,1,21,81.38995433789954,1.0
2250,1,0,0.8,1,0,1,27,78.82739726027397,1.0
283,0,1,0.398,1,0,1,43,20.0,0.0
1668,1,0,0.2,1,0,1,26,20.0,0.0
1818,1,0,0.344,1,0,1,27,20.0,0.0
697,1,0,0.678,1,0,1,35,80.10867579908675,1.0
677,1,0,0.286,1,0,1,18,20.0,0.0
132,1,1,0.264,1,0,1,42,20.0,0.0
1054,0,1,0.306,1,0,1,34,20.0,0.0
1442,1,0,0.29,1,0,0,28,20.0,0.0
2077,1,0,0.486,1,0,1,41,20.0,0.0
812,1,0,0.318,1,0,1,26,20.0,0.0
2519,1,0,0.61,1,0,1,31,67.39054691909087,0.0
2110,1,0,0.326,1,0,1,25,20.0,0.0
1381,1,0,0.58,1,0,1,26,78.50591324200914,1.0
203,1,0,0.46,1,0,1,23,77.7351598173516,1.0
2408,1,0,0.494,1,0,1,29,82.08310502283105,1.0
1177,1,0,0.286,1,0,1,26,74.46447983715684,1.0
1337,1,0,0.236,1,0,0,33,20.0,0.0
1603,1,0,0.56,1,0,1,38,80.61278538812786,1.0
2633,1,0,0.338,1,0,1,28,78.4703196347032,1.0
122,1,0,0.9,1,0,1,52,82.25114155251141,1.0
717,1,0,0.28,1,0,1,32,20.0,0.0
1399,1,0,0.286,1,0,0,31,20.0,0.0
1522,1,0,0.82,1,0,1,23,80.29771689497717,1.0
2131,1,0,0.29,1,0,1,62,20.0,0.0
2413,0,0,0.332,1,0,1,56,20.0,0.0
713,1,0,0.6,1,0,1,44,81.97808219178083,1.0
127,1,0,0.678,1,0,1,28,79.53804566210046,1.0
1591,1,0,0.334,1,0,1,21,20.0,0.0
1295,1,0,0.29,1,0,1,39,20.0,0.0
248,1,0,0.388,1,0,1,45,20.0,0.0
1377,0,1,0.76,1,0,1,30,78.4703196347032,1.0
1420,1,0,0.35,1,0,0,32,83.28036529680365,1.0
637,1,0,0.312,1,0,0,26,20.0,0.0
1794,1,0,0.34,1,0,1,26,82.54520547945205,1.0
1566,0,0,0.418,1,0,1,52,20.0,0.0
1800,1,0,0.812,1,0,1,29,54.640639269406385,0.0
30,0,1,0.386,1,0,1,34,20.0,0.0
537,1,0,0.252,1,0,0,27,20.0,0.0
2086,1,0,0.242,1,0,1,28,20.0,0.0
40,1,0,0.302,1,0,0,33,20.0,0.0
754,0,0,0.31,1,0,1,69,20.0,0.0
363,1,0,0.716,1,0,1,23,82.88127853881278,1.0
2336,0,0,0.382,1,0,1,35,20.0,0.0
1451,1,0,0.594,1,0,1,48,73.22152819138375,0.0
752,1,1,0.454,1,0,1,28,77.67214611872146,1.0
399,0,0,0.25,1,0,1,45,20.0,0.0
246,1,0,0.318,1,0,1,50,20.0,0.0
1931,1,0,0.514,1,0,1,26,20.0,0.0
249,1,0,0.62,1,0,1,31,20.0,0.0
1618,1,0,0.32,1,0,1,40,20.0,0.0
970,1,0,0.322,1,0,0,27,20.0,0.0
340,1,0,0.324,1,0,1,28,20.0,0.0
1651,1,0,0.254,1,0,1,46,20.0,0.0
1920,1,0,0.334,1,0,1,27,81.78904109589041,1.0
1327,1,1,0.516,1,0,1,50,82.31415525114156,1.0
700,1,0,0.396,1,0,1,23,40.70723441712054,0.0
1197,1,0,0.212,1,0,1,38,20.0,0.0
1555,1,0,0.258,1,0,0,31,20.0,0.0
124,1,0,0.504,1,0,0,49,20.0,0.0
2245,1,0,0.298,1,0,1,41,20.0,0.0
2054,0,1,0.31,1,0,1,47,20.0,0.0
561,1,0,0.664,1,0,1,24,78.72237442922375,1.0
2758,1,0,0.348,1,0,1,44,20.0,0.0
644,1,1,0.386,1,0,1,26,82.46118721461187,1.0
938,1,0,0.348,1,0,1,31,20.0,0.0
1923,1,1,0.278,1,0,1,36,20.0,0.0
2009,1,0,0.372,1,0,0,24,79.91963470319635,1.0
227,1,0,0.262,1,0,1,55,20.0,0.0
1115,1,0,0.412,1,0,1,30,20.0,0.0
1303,1,0,0.25,1,0,1,36,20.0,0.0
1518,1,0,0.322,1,0,0,26,20.0,0.0
1213,1,0,0.38,1,0,1,43,79.73059360730593,1.0
2599,1,0,0.31,1,0,1,28,20.0,0.0
210,1,0,0.546,1,0,1,34,20.0,0.0
2351,0,0,0.75,1,0,1,65,77.39908675799087,1.0
2669,1,0,0.882,1,0,1,56,83.46940639269407,1.0
2099,0,1,0.746,1,0,1,29,78.00821917808219,1.0
1989,0,0,0.186,1,0,1,21,20.0,0.0
430,1,0,0.19,2,0,1,40,20.0,0.0
2015,0,0,0.286,1,0,1,20,78.74337899543379,1.0
2357,1,0,0.286,1,0,1,27,67.52015009720151,0.0
428,1,0,0.272,1,0,1,25,20.0,0.0
871,1,0,0.318,1,0,1,23,20.0,0.0
1470,0,0,0.182,1,0,1,41,20.0,0.0
1996,1,0,0.308,1,0,0,21,20.0,0.0
1203,1,0,0.286,1,0,1,21,20.0,0.0
521,1,0,0.37,1,0,1,23,20.0,0.0
423,0,0,0.492,1,0,1,58,83.5324200913242,1.0
1500,1,0,0.456,1,0,1,29,20.0,0.0
2675,1,0,0.244,1,0,1,25,20.0,0.0
2196,1,1,0.802,1,0,1,29,78.86940639269406,1.0
220,1,0,0.256,1,0,1,27,20.0,0.0
1636,1,0,0.37,1,0,1,22,78.08401826484018,1.0
1643,1,0,0.792,1,0,1,21,79.05844748858448,1.0
2120,1,0,0.296,1,0,1,36,20.0,0.0
2752,1,0,0.196,2,0,0,31,20.0,0.0
1998,1,0,0.402,1,0,1,19,78.61735159817351,1.0
508,1,0,0.314,1,0,1,20,20.0,0.0
1785,1,0,0.872,1,0,1,64,78.78538812785388,1.0
811,1,0,0.758,1,0,1,37,80.94885844748859,1.0
1359,1,0,0.294,1,0,0,26,20.0,0.0
660,1,0,0.334,1,0,1,28,20.0,0.0
2111,1,1,0.178,1,0,1,23,20.0,0.0
2135,0,1,0.266,1,0,0,43,20.0,0.0
1501,1,0,0.244,1,0,1,24,20.0,0.0
1549,1,0,0.34,1,0,1,21,78.11324200913242,1.0
1446,0,1,0.314,1,0,1,27,84.87671232876713,1.0
1926,1,0,0.288,1,0,1,32,20.0,0.0
2502,0,0,0.304,1,0,1,36,70.56002576782433,0.0
1686,1,0,0.34,1,0,1,25,20.0,0.0
2399,1,0,0.564,1,0,0,29,20.0,0.0
1067,1,0,0.272,1,0,0,32,20.0,0.0
2486,1,0,0.298,1,0,1,24,69.77887631526703,0.0
2145,1,1,0.534,1,0,1,22,77.25205479452055,1.0
1198,1,0,0.378,1,0,1,30,20.0,0.0
388,1,0,0.408,1,0,0,42,20.0,0.0
982,1,0,0.562,1,0,1,27,68.54050562423433,0.0
2004,0,1,0.716,1,0,1,27,84.2675799086758,1.0
1525,1,0,0.368,1,0,1,44,20.0,0.0
1387,0,0,0.346,1,0,1,36,81.1285595682856,1.0
900,1,0,0.756,1,0,1,27,81.0958904109589,1.0
1367,1,0,0.678,1,0,1,43,81.8310502283105,1.0
1234,1,0,0.396,1,0,1,22,20.0,0.0
1410,1,1,0.424,1,0,1,35,20.0,0.0
1424,0,1,0.666,1,0,1,35,81.05388127853881,1.0
519,1,0,0.658,1,0,1,35,80.69680365296804,1.0
256,1,0,0.292,1,0,1,39,59.060827062833624,0.0
2533,1,0,0.322,1,0,1,33,20.0,0.0
1290,1,0,0.37,1,0,1,24,74.65591324200913,1.0
1340,1,0,0.38,1,0,1,29,20.0,0.0
2588,1,0,0.38,1,0,1,36,20.0,0.0
902,1,0,0.292,1,0,0,24,20.0,0.0
2070,1,0,0.45,1,0,1,40,77.97340182648402,1.0
2103,1,0,0.524,1,0,1,24,79.14246575342466,1.0
1532,1,0,0.274,1,0,1,39,20.0,0.0
551,1,0,0.728,1,0,1,45,79.14246575342466,1.0
1723,1,0,0.286,1,0,1,38,47.39975412715138,0.0
2562,0,1,0.286,1,0,1,44,20.0,0.0
1052,1,0,0.716,1,0,1,46,84.14155251141553,1.0
1984,1,0,0.49,1,0,1,42,83.19634703196347,1.0
903,1,0,0.27,1,0,1,30,20.0,0.0
309,1,0,0.644,1,0,1,29,42.11272709608472,0.0
157,1,0,0.396,1,0,1,41,83.09132420091325,1.0
1496,1,1,0.328,1,0,1,36,20.0,0.0
348,1,0,0.454,1,0,0,25,20.0,0.0
572,1,0,0.286,1,0,0,30,20.0,0.0
311,1,1,0.254,1,0,1,33,20.0,0.0
2279,1,0,0.598,1,0,1,31,66.02586169822537,0.0
1193,1,0,0.578,1,0,1,33,79.4365296803653,1.0
943,1,0,0.278,1,0,0,33,20.0,0.0
1208,0,0,0.43,1,0,1,29,79.58356164383562,1.0
1512,1,1,0.304,1,0,1,42,20.0,0.0
1945,1,0,0.408,1,0,1,41,46.36955859969559,0.0
2460,1,0,0.348,1,0,1,28,15.89992975061468,0.0
2389,1,0,0.812,1,0,1,42,81.81004566210046,1.0
1095,1,0,0.412,1,0,1,33,81.20091324200914,1.0
1029,1,0,0.302,1,0,1,30,20.0,0.0
143,1,0,0.418,1,0,1,33,20.0,0.0
869,1,0,0.29,1,0,1,27,20.0,0.0
2716,1,0,0.472,1,0,1,33,75.22403783431182,1.0
2164,1,0,0.172,1,0,0,23,20.0,0.0
862,1,0,0.3,1,0,1,50,20.0,0.0
469,0,0,0.404,1,0,1,44,81.97808219178083,1.0
1584,1,0,0.28,1,0,1,23,20.0,0.0
1912,0,1,0.404,1,0,1,24,20.0,0.0
1357,0,0,0.32,1,0,1,39,83.44840182648402,1.0
1145,0,1,0.528,1,0,0,48,20.0,0.0
1317,1,0,0.368,1,0,0,24,20.0,0.0
2107,1,0,0.454,1,0,0,31,20.0,0.0
202,1,1,0.258,1,0,1,36,20.0,0.0
881,1,0,0.264,1,0,1,35,20.0,0.0
2013,0,0,0.378,1,0,1,66,20.0,0.0
21,1,0,0.248,1,0,0,32,20.0,0.0
2722,1,0,0.374,1,0,0,46,20.0,0.0
2138,0,0,0.28,1,0,0,39,20.0,0.0
631,1,0,0.286,1,0,1,48,20.0,0.0
766,1,0,0.676,1,0,1,25,47.74641837899543,0.0
2026,1,0,0.588,1,0,1,30,77.52511415525115,1.0
2079,0,1,0.264,1,0,1,23,20.0,0.0
1,1,0,0.286,1,0,1,36,20.0,0.0
2668,1,0,0.254,1,0,1,31,20.0,0.0
1765,1,0,0.496,1,0,1,34,77.35707762557078,1.0
2578,1,0,0.652,1,0,1,29,78.40730593607306,1.0
553,1,0,0.368,1,0,1,24,20.0,0.0
704,1,0,0.318,1,0,0,32,20.0,0.0
640,1,0,0.66,1,0,1,34,82.25114155251141,1.0
1440,1,0,0.8,1,0,1,30,81.91506849315068,1.0
2769,1,0,0.414,1,0,1,29,81.38995433789954,1.0
327,1,0,0.752,1,0,1,28,81.53698630136986,1.0
102,1,1,0.698,1,0,1,44,80.3997541271514,1.0
1517,1,0,0.282,1,0,1,43,20.0,0.0
1227,1,0,0.258,1,0,1,23,20.0,0.0
1865,1,0,0.446,1,0,1,35,70.78322414135398,0.0
2640,1,1,0.522,1,0,1,37,79.03744292237442,1.0
1954,1,0,0.558,1,0,1,33,44.903422303817734,0.0
1988,1,0,0.544,1,0,1,54,79.18455817827555,1.0
1328,1,0,0.366,1,0,1,47,20.0,0.0
1069,1,0,0.436,1,0,1,21,78.82739726027397,1.0
1362,1,0,0.312,1,0,1,48,20.0,0.0
2342,1,0,0.68,1,0,1,63,78.57534246575342,1.0
2531,1,0,0.212,1,0,1,32,77.52511415525115,1.0
571,1,0,0.362,1,0,1,24,20.0,0.0
846,1,0,0.464,1,0,1,37,20.0,0.0
1577,1,0,0.386,1,0,1,59,20.0,0.0
1178,1,1,0.262,1,0,1,44,20.0,0.0
1674,0,0,0.3,1,0,1,40,20.0,0.0
1892,1,0,0.212,1,0,1,33,20.0,0.0
1507,1,0,0.63,1,0,1,29,85.06575342465753,1.0
1450,1,0,0.322,1,0,1,44,20.0,0.0
1711,1,0,0.354,1,0,1,29,20.0,0.0
1086,1,0,0.286,1,0,0,30,20.0,0.0
1371,0,1,0.474,1,0,1,20,61.089515623601045,0.0
1639,1,0,0.188,1,0,1,36,20.0,0.0
921,0,1,0.296,1,0,1,25,20.0,0.0
2304,1,0,0.306,1,0,1,34,20.0,0.0
1899,1,0,0.366,1,0,1,27,20.0,0.0
2634,1,0,0.886,1,0,1,58,81.20091324200914,1.0
948,1,0,0.352,1,0,1,20,20.0,0.0
831,1,0,0.478,1,0,1,33,83.42739726027398,1.0
2617,1,0,0.404,1,0,1,32,72.0730756686236,0.0
576,1,0,0.314,1,0,1,42,20.0,0.0
2643,0,1,0.214,1,0,1,39,20.0,0.0
1662,1,0,0.7,1,0,1,35,80.38173515981735,1.0
1033,1,0,0.482,1,0,1,53,81.26392694063927,1.0
68,1,0,0.644,1,0,1,29,77.58812785388128,1.0
2438,0,0,0.394,1,0,1,67,20.0,0.0
2233,0,0,0.248,1,0,1,60,82.88727594902201,1.0
43,1,0,0.526,1,0,1,25,20.0,0.0
1985,1,0,0.274,1,0,1,41,20.0,0.0
225,1,0,0.356,1,0,1,21,20.0,0.0
1353,1,0,0.322,1,0,1,44,59.422329410251464,0.0
2630,1,0,0.424,1,0,1,30,78.76438356164384,1.0
2344,1,0,0.286,1,0,1,25,80.23470319634703,1.0
2624,1,0,0.286,1,0,1,31,20.0,0.0
743,0,0,0.804,1,0,1,25,82.71324200913241,1.0
659,1,0,0.232,1,0,1,37,20.0,0.0
1173,1,0,0.326,1,0,1,33,20.0,0.0
2376,1,0,0.336,1,0,1,26,20.0,0.0
603,0,0,0.286,1,0,1,28,20.0,0.0
1606,1,0,0.828,1,0,1,42,81.66301369863014,1.0
1909,1,0,0.44,1,0,1,30,77.98721461187215,1.0
1368,1,0,0.666,1,0,1,52,80.59178082191781,1.0
1977,1,0,0.51,1,0,1,31,77.27555875991348,1.0
2366,1,0,0.292,1,0,1,44,80.67579908675799,1.0
91,0,0,0.764,1,0,1,52,80.59178082191781,1.0
1589,1,0,0.884,1,0,1,57,80.9068493150685,1.0
169,0,1,0.286,1,0,1,22,80.92785388127854,1.0
379,1,0,0.392,1,0,1,20,80.6337899543379,1.0
705,1,0,0.36,1,0,1,30,85.38082191780822,1.0
342,1,0,0.622,1,0,1,67,55.44186579847248,0.0
141,1,0,0.356,1,0,1,39,20.0,0.0
2498,1,0,0.544,1,0,1,32,80.06666666666666,1.0
673,1,0,0.622,1,0,1,20,79.91127502634352,1.0
2420,1,0,0.726,1,0,1,26,79.77260273972603,1.0
1747,0,1,0.618,1,0,1,23,79.31050228310502,1.0
882,1,0,0.356,1,0,0,22,20.0,0.0
665,0,0,0.0,0,0,0,49,78.72237442922375,1.0
1515,0,1,0.596,1,0,1,35,80.99086757990868,1.0
2,1,0,0.35,1,0,1,25,20.0,0.0
350,1,0,0.39,1,0,1,61,20.0,0.0
1647,1,0,0.192,1,0,1,21,20.0,0.0
738,1,1,0.314,1,0,1,19,20.0,0.0
2205,1,0,0.792,1,0,1,51,83.61643835616438,1.0
292,1,0,0.516,1,0,1,24,83.59543378995434,1.0
1112,0,1,0.568,1,0,1,37,82.27214611872147,1.0
1325,0,1,0.318,1,0,1,65,20.0,0.0
2285,1,0,0.38,1,0,1,31,20.0,0.0
2088,1,0,0.31,1,0,1,27,20.0,0.0
1140,1,0,0.442,1,0,0,34,20.0,0.0
2316,1,0,0.31,1,0,1,26,20.0,0.0
783,1,0,0.626,1,0,1,32,71.91682549136391,0.0
1176,1,0,0.586,1,0,1,30,78.4703196347032,1.0
1904,1,0,0.286,1,0,1,20,81.38995433789954,1.0
470,1,0,0.222,1,0,1,41,20.0,0.0
616,1,0,0.364,1,0,1,37,20.0,0.0
2324,1,0,0.202,1,0,1,31,20.0,0.0
2150,1,0,0.28,1,0,1,34,20.0,0.0
1001,1,0,0.286,1,0,1,26,85.52785388127853,1.0
462,0,1,0.444,1,0,1,34,20.0,0.0
604,1,0,0.456,1,0,1,30,80.21369863013699,1.0
2318,1,0,0.286,1,0,1,37,20.0,0.0
865,1,0,0.322,1,0,1,26,20.0,0.0
468,0,0,0.642,1,0,1,51,80.21369863013699,1.0
2497,1,0,0.798,1,0,1,30,77.2730593607306,1.0
718,1,0,0.222,1,0,1,24,20.0,0.0
2199,1,0,0.48,1,0,0,38,20.0,0.0
2609,1,0,0.284,1,0,1,42,20.0,0.0
9,1,0,0.578,1,0,1,25,82.90228310502283,1.0
2167,1,0,0.386,1,0,1,23,82.7552511415525,1.0
915,1,0,0.292,1,0,1,32,20.0,0.0
1942,0,0,0.286,1,0,1,60,72.77273320287019,0.0
886,0,0,0.57,1,0,1,78,80.19269406392694,1.0
2022,1,0,0.354,1,0,0,29,79.31558177515582,1.0
188,1,0,0.574,1,0,1,32,77.63013698630137,1.0
1209,0,0,0.338,1,0,1,47,20.0,0.0
1053,1,0,0.8,1,0,1,56,82.02009132420092,1.0
266,1,0,0.414,1,0,1,22,20.0,0.0
1249,1,0,0.264,1,0,1,49,20.0,0.0
488,1,1,0.32,1,0,1,27,20.0,0.0
2018,1,0,0.358,1,0,1,40,77.94520547945206,1.0
1629,1,0,0.406,1,0,1,21,82.50319634703196,1.0
2739,1,0,0.286,1,0,1,26,20.0,0.0
61,1,0,0.286,1,0,1,27,20.0,0.0
1375,1,0,0.312,1,0,1,24,66.49219593192196,0.0
2442,0,1,0.136,1,0,1,42,20.0,0.0
1457,0,1,0.384,1,0,1,22,20.0,0.0
839,1,0,0.308,1,0,0,30,20.0,0.0
1008,0,0,0.776,1,0,1,60,80.65479452054795,1.0
1767,1,0,0.514,1,0,1,45,20.0,0.0
1120,1,0,0.494,1,0,1,48,82.08310502283105,1.0
1413,1,1,0.534,1,0,1,42,77.79817351598173,1.0
1731,0,0,0.73,1,0,1,57,80.67579908675799,1.0
337,1,0,0.292,1,0,1,21,20.0,0.0
2377,1,0,0.472,1,0,1,24,83.63744292237443,1.0
1733,1,0,0.576,1,0,1,28,80.50776255707763,1.0
504,0,0,0.766,1,0,0,67,20.0,0.0
950,1,0,0.39,1,0,0,41,20.0,0.0
636,1,0,0.286,1,0,0,23,20.0,0.0
2281,1,0,0.74,1,0,1,28,81.43196347031963,1.0
2186,1,0,0.23,1,0,0,31,20.0,0.0
1031,1,0,0.39,1,0,1,33,80.82283105022832,1.0
2452,1,0,0.24,1,0,0,22,20.0,0.0
550,0,0,0.486,1,0,0,21,20.0,0.0
158,1,0,0.71,1,0,1,27,79.5324200913242,1.0
1974,1,0,0.38,1,0,0,24,20.0,0.0
501,1,0,0.286,1,0,0,27,70.6967021816337,0.0
16,1,0,0.346,1,0,0,33,20.0,0.0
459,1,0,0.668,1,0,0,24,20.0,0.0
2371,1,0,0.458,1,0,1,22,79.79360730593608,1.0
1393,1,0,0.352,1,0,1,21,81.53698630136986,1.0
1622,0,0,0.65,1,0,1,40,83.61643835616438,1.0
2650,0,1,0.506,1,0,1,44,78.76438356164384,1.0
1933,1,0,0.248,1,0,0,33,20.0,0.0
57,1,0,0.416,1,0,1,35,20.0,0.0
224,1,0,0.316,1,0,1,49,20.0,0.0
1441,1,0,0.24,1,0,0,25,20.0,0.0
272,1,0,0.216,1,0,0,28,20.0,0.0
1548,1,0,0.352,1,0,1,21,20.0,0.0
1356,1,0,0.516,1,0,1,44,79.54155251141553,1.0
259,1,0,0.59,1,0,1,29,81.51598173515981,1.0
1897,1,0,0.464,1,0,1,43,78.40261910915828,1.0
2071,1,0,0.73,1,0,1,30,80.65479452054795,1.0
1638,1,0,0.318,1,0,1,25,20.0,0.0
2216,1,0,0.286,1,0,1,20,20.0,0.0
172,1,0,0.338,1,0,0,36,20.0,0.0
2593,0,0,0.25,1,0,1,46,20.0,0.0
1241,1,0,0.306,1,0,1,21,20.0,0.0
2338,1,0,0.628,1,0,1,28,77.54611872146118,1.0
801,0,0,0.298,1,0,1,33,20.0,0.0
1672,0,1,0.27,1,0,1,23,20.0,0.0
1236,1,0,0.724,1,0,1,30,20.0,0.0
44,1,0,0.628,1,0,1,27,52.25222470001062,0.0
442,1,0,0.378,1,0,0,23,20.0,0.0
1511,1,0,0.272,1,0,0,35,20.0,0.0
1556,1,0,0.27,1,0,1,29,20.0,0.0
2282,1,0,0.664,1,0,1,34,78.55433789954338,1.0
2106,1,0,0.824,1,0,1,50,64.52573280306378,0.0
2362,1,0,0.278,1,0,0,22,20.0,0.0
2430,1,0,0.346,1,0,0,25,20.0,0.0
1283,0,0,0.41,1,0,1,27,20.0,0.0
2393,1,0,0.602,1,0,0,53,20.0,0.0
993,1,0,0.494,1,0,1,22,79.33150684931506,1.0
1202,1,0,0.804,1,0,1,25,79.56255707762557,1.0
2297,1,0,0.57,1,0,1,21,82.69550344400588,1.0
154,1,0,0.264,1,0,1,32,20.0,0.0
2379,1,0,0.426,1,0,1,41,20.0,0.0
2029,1,0,0.784,1,0,0,29,20.0,0.0
1616,1,1,0.61,1,0,1,41,79.60456621004566,1.0
2024,1,0,0.264,1,0,1,42,20.0,0.0
212,1,0,0.304,1,0,0,41,20.0,0.0
1896,1,0,0.388,1,0,1,24,80.48675799086757,1.0
876,1,0,0.286,1,0,0,30,20.0,0.0
703,1,0,0.492,1,0,1,23,81.47397260273972,1.0
1238,1,0,0.44,1,0,1,33,20.0,0.0
712,1,0,0.272,1,0,1,22,20.0,0.0
2664,1,0,0.52,1,0,1,21,81.76803652968036,1.0
622,1,0,0.308,1,0,1,38,20.0,0.0
6,1,0,0.294,1,0,0,26,20.0,0.0
2540,1,0,0.528,1,0,1,39,84.30958904109589,1.0
514,1,0,0.244,1,0,1,26,69.56592713917014,0.0
2457,1,0,0.602,1,0,1,52,70.0,1.0
2262,1,0,0.342,1,0,1,25,54.585654767856546,0.0
392,1,0,0.468,1,0,0,27,80.9068493150685,1.0
1560,1,0,0.556,1,0,1,21,82.90228310502283,1.0
749,0,0,0.568,1,0,1,28,78.72237442922375,1.0
581,1,0,0.0,0,0,0,26,32.80957077625571,0.0
239,1,0,0.282,1,0,0,32,20.0,0.0
740,1,0,0.276,2,0,1,32,20.0,0.0
516,1,1,0.624,1,0,1,37,80.73881278538813,1.0
525,0,0,0.698,1,0,1,25,79.23470319634703,1.0
2410,1,0,0.39,1,0,1,24,79.79360730593608,1.0
2587,1,0,0.434,1,0,1,34,85.4648401826484,1.0
418,1,1,0.326,1,0,0,43,20.0,0.0
2085,1,0,0.314,1,0,0,52,20.0,0.0
1760,1,0,0.628,1,0,1,26,78.33306317814092,1.0
975,1,0,0.326,1,0,0,28,20.0,0.0
1888,1,0,0.19,1,0,1,28,20.0,0.0
1757,1,0,0.268,1,0,1,36,20.0,0.0
2577,1,0,0.32,1,0,0,38,20.0,0.0
2674,0,1,0.516,1,0,1,24,77.2730593607306,1.0
1262,0,0,0.36,1,0,1,77,20.0,0.0
113,1,0,0.296,1,0,1,24,20.0,0.0
2244,1,0,0.256,1,0,1,48,20.0,0.0
2711,1,0,0.58,1,0,0,26,84.16255707762556,1.0
444,0,0,0.286,1,0,0,59,20.0,0.0
708,1,0,0.264,2,0,1,36,20.0,0.0
529,0,1,0.41,1,0,1,26,20.0,0.0
1798,1,0,0.44,1,0,1,27,20.0,0.0
2606,1,0,0.58,1,0,1,36,77.86118721461187,1.0
1946,1,0,0.674,1,0,1,25,77.29406392694064,1.0
1679,1,0,0.286,1,0,1,25,20.0,0.0
1585,0,1,0.466,1,0,1,29,79.24090362893536,1.0
847,1,0,0.332,1,0,1,40,20.0,0.0
1273,1,0,0.236,1,0,1,53,20.0,0.0
2603,1,0,0.326,1,0,0,26,80.38173515981735,1.0
2476,1,0,0.244,1,0,1,37,20.0,0.0
2444,1,0,0.264,1,0,1,27,20.0,0.0
2345,0,0,0.332,1,0,1,37,77.39908675799087,1.0
473,1,0,0.696,1,0,1,42,82.77625570776256,1.0
1876,1,0,0.292,1,0,0,31,20.0,0.0
523,1,0,0.232,1,0,1,23,20.0,0.0
768,0,0,0.434,1,0,1,60,83.40639269406392,1.0
1433,1,0,0.226,1,0,0,33,20.0,0.0
54,1,0,0.21,1,0,1,24,20.0,0.0
2039,1,0,0.316,1,0,1,24,20.0,0.0
562,1,0,0.828,1,0,1,50,65.61485981115312,0.0
1837,0,0,0.622,1,0,1,35,81.06703456036703,1.0
1159,1,0,0.37,1,0,1,32,20.0,0.0
2045,1,0,0.5,1,0,1,41,81.43196347031963,1.0
326,0,0,0.772,1,0,1,47,77.58812785388128,1.0
1660,1,0,0.57,1,0,1,28,82.98630136986301,1.0
1129,1,0,0.32,1,0,1,38,20.0,0.0
324,1,0,0.286,1,0,1,50,75.60964804268637,1.0
90,1,0,0.56,1,0,1,28,82.86027397260274,1.0
291,1,0,0.316,1,0,1,23,85.08675799086758,1.0
2365,1,0,0.388,1,0,1,26,66.80390489686663,0.0
860,0,0,0.724,1,0,1,33,84.89771689497717,1.0
1703,1,0,0.366,1,0,1,27,20.0,0.0
325,1,0,0.528,1,0,1,40,67.0724505327245,0.0
52,1,0,0.286,1,0,0,24,20.0,0.0
484,1,0,0.756,1,0,1,29,78.07123287671233,1.0
1561,1,0,0.332,1,0,1,48,63.794390084801044,0.0
755,1,0,0.346,1,0,1,28,20.0,0.0
2637,1,1,0.282,1,0,1,25,20.0,0.0
2367,1,0,0.298,1,0,0,33,20.0,0.0
1111,1,0,0.286,1,0,1,31,81.24292237442923,1.0
775,1,0,0.366,1,0,1,24,81.20091324200914,1.0
907,1,0,0.584,1,0,1,36,77.10502283105023,1.0
781,1,0,0.442,1,0,1,34,77.54611872146118,1.0
200,1,0,0.664,1,0,1,24,83.40639269406392,1.0
2241,1,0,0.202,1,0,0,43,20.0,0.0
133,1,1,0.43,1,0,1,25,83.82648401826484,1.0
349,1,0,0.578,1,0,1,22,78.55746526066818,1.0
2510,1,0,0.288,1,0,0,27,20.0,0.0
2604,0,1,0.626,1,0,1,37,78.7013698630137,1.0
2434,1,0,0.336,1,0,1,35,20.0,0.0
2586,1,0,0.412,1,0,1,21,20.0,0.0
2204,1,0,0.286,1,0,0,42,20.0,0.0
2620,1,0,0.232,1,0,1,33,20.0,0.0
1572,0,0,0.284,1,0,1,60,20.0,0.0
465,1,0,0.344,1,0,1,22,20.0,0.0
2141,1,0,0.268,1,0,1,22,20.0,0.0
1068,1,0,0.298,1,0,1,24,67.18538812785388,0.0
1878,1,0,0.49,1,0,0,42,20.0,0.0
2766,1,0,0.586,1,0,1,30,81.24292237442923,1.0
2002,1,0,0.234,1,0,1,29,77.48310502283105,1.0
992,1,0,0.26,1,0,1,28,20.0,0.0
253,1,0,0.23,1,0,0,26,20.0,0.0
45,1,0,0.69,1,0,0,22,79.01643835616439,1.0
1708,1,0,0.302,1,0,1,19,67.67183438707411,0.0
1808,1,0,0.286,1,0,0,44,20.0,0.0
2451,1,0,0.464,1,0,1,41,83.32237442922374,1.0
1190,0,1,0.874,1,0,1,54,80.75981735159817,1.0
331,1,0,0.298,1,0,1,38,20.0,0.0
1113,1,0,0.408,1,0,1,30,81.22191780821917,1.0
20,1,1,0.294,1,0,1,30,20.0,0.0
1978,1,1,0.29,1,0,1,38,20.0,0.0
1750,1,0,0.45,1,0,1,33,77.67214611872146,1.0
2703,1,0,0.75,1,0,0,37,70.0,1.0
245,1,0,0.62,1,0,1,22,84.18356164383562,1.0
199,0,1,0.794,1,0,1,39,78.7013698630137,1.0
899,0,1,0.496,1,0,1,26,20.0,0.0
1293,1,0,0.226,1,0,0,43,20.0,0.0
2671,1,0,0.184,1,0,1,33,20.0,0.0
545,0,1,0.378,1,0,1,20,20.0,0.0
2276,1,0,0.41,1,0,0,48,20.0,0.0
360,1,0,0.374,1,0,1,30,77.19680365296804,1.0
2756,0,1,0.296,1,0,1,46,77.67214611872146,1.0
62,1,0,0.682,1,0,1,21,84.79269406392694,1.0
2710,1,0,0.518,1,0,1,21,83.7634703196347,1.0
92,1,0,0.238,1,0,1,31,81.32694063926941,1.0
1439,0,1,0.404,1,0,1,49,82.25114155251141,1.0
2273,1,0,0.408,1,0,1,52,84.56164383561644,1.0
229,0,0,0.404,1,0,1,40,82.23013698630137,1.0
1925,1,0,0.402,1,0,1,25,77.31506849315069,1.0
2406,1,0,0.32,1,0,1,43,20.0,0.0
823,1,0,0.272,1,0,1,29,20.0,0.0
2035,1,0,0.408,1,0,1,37,78.72237442922375,1.0
1755,1,0,0.534,1,0,1,20,82.88127853881278,1.0
2268,0,1,0.656,1,0,1,25,82.44018264840183,1.0
370,0,0,0.316,1,0,0,40,20.0,0.0
790,1,0,0.286,1,0,1,20,79.91963470319635,1.0
963,1,0,0.19,1,0,1,31,20.0,0.0
1000,1,0,0.27,1,0,1,26,20.0,0.0
1536,0,1,0.85,1,0,1,59,78.15525114155251,1.0
579,1,0,0.182,1,0,1,29,20.0,0.0
177,1,0,0.486,1,0,0,37,20.0,0.0
2407,1,0,0.618,1,0,1,50,80.86484018264841,1.0
1727,1,0,0.304,1,0,1,22,50.31324200913242,0.0
1894,1,0,0.384,1,0,1,24,20.0,0.0
1624,1,0,0.286,1,0,1,22,81.8730593607306,1.0
155,1,0,0.756,1,0,1,30,80.94885844748859,1.0
2360,1,0,0.286,1,0,1,22,77.58812785388128,1.0
1779,1,0,0.596,1,0,1,49,78.11324200913242,1.0
441,1,0,0.76,1,0,1,39,80.61278538812786,1.0
2295,1,0,0.38,1,0,1,19,20.0,0.0
1830,1,0,0.778,1,0,1,57,78.40730593607306,1.0
796,1,0,0.326,1,0,1,33,20.0,0.0
1455,1,0,0.51,1,0,1,35,79.33150684931506,1.0
1093,1,0,0.758,1,0,1,29,80.29771689497717,1.0
1697,0,1,0.508,1,0,1,54,83.61643835616438,1.0
2019,1,0,0.294,1,0,0,32,20.0,0.0
1418,0,0,0.286,1,0,1,32,20.0,0.0
1812,1,0,0.322,1,0,1,49,20.0,0.0
2006,1,0,0.378,1,0,1,43,20.0,0.0
1957,1,0,0.374,1,0,1,21,81.81004566210046,1.0
1813,1,0,0.32,1,0,1,32,20.0,0.0
161,1,0,0.368,1,0,1,31,50.56284049755944,0.0
840,1,0,0.212,1,0,1,27,20.0,0.0
1820,1,0,0.206,1,0,1,23,20.0,0.0
485,1,1,0.288,1,0,1,20,20.0,0.0
1344,1,0,0.308,1,0,1,35,20.0,0.0
358,1,0,0.694,1,0,1,22,80.82283105022832,1.0
365,1,0,0.212,1,0,1,28,20.0,0.0
602,1,0,0.694,1,0,1,60,80.94885844748859,1.0
26,1,0,0.204,1,0,1,33,20.0,0.0
2745,1,0,0.266,1,0,1,48,20.0,0.0
1744,0,0,0.428,1,0,0,42,20.0,0.0
2023,1,0,0.0,0,0,0,46,81.49497716894977,1.0
474,1,0,0.288,1,0,1,27,20.0,0.0
1030,1,0,0.286,1,0,1,43,20.0,0.0
241,1,0,0.502,1,0,0,22,80.30285234555767,1.0
1078,1,0,0.568,1,0,1,22,79.1634703196347,1.0
2508,0,0,0.368,1,0,1,51,20.0,0.0
2000,1,0,0.31,1,0,0,31,20.0,0.0
1347,1,0,0.314,1,0,0,36,81.38995433789954,1.0
416,1,0,0.356,1,0,1,28,20.0,0.0
2017,1,0,0.468,1,0,1,36,79.77260273972603,1.0
129,1,0,0.706,1,0,1,51,20.0,0.0
191,1,0,0.4,1,0,1,29,78.86940639269406,1.0
451,1,0,0.252,1,0,1,29,20.0,0.0
1558,0,0,0.37,1,0,1,45,20.0,0.0
2170,1,0,0.256,1,0,1,30,20.0,0.0
2175,1,1,0.338,1,0,1,26,20.0,0.0
1766,1,0,0.572,1,0,1,29,83.67945205479452,1.0
765,1,0,0.464,1,0,1,38,78.38630136986302,1.0
1301,0,0,0.308,1,0,1,22,20.0,0.0
2697,1,0,0.544,1,0,1,22,77.35707762557078,1.0
46,0,0,0.44,1,0,1,21,78.84840182648402,1.0
1321,1,0,0.468,1,0,0,33,20.0,0.0
2570,1,0,0.358,1,0,1,22,79.56255707762557,1.0
1009,1,0,0.286,1,0,1,53,20.0,0.0
2446,1,0,0.766,1,0,1,34,80.21369863013699,1.0
917,1,0,0.416,1,0,1,32,81.11689497716895,1.0
1056,1,0,0.286,1,0,1,56,20.0,0.0
1392,1,0,0.578,1,0,0,22,81.99908675799087,1.0
2556,1,0,0.292,1,0,1,52,20.0,0.0
1544,0,0,0.346,1,0,1,37,20.0,0.0
1219,1,0,0.294,1,0,0,23,20.0,0.0
1122,1,0,0.286,1,0,1,23,82.44018264840183,1.0
2363,0,1,0.664,1,0,1,63,81.05388127853881,1.0
1135,1,0,0.63,1,0,0,28,80.9068493150685,1.0
277,1,0,0.0,0,0,0,20,57.64330026767438,0.0
2139,1,0,0.286,1,0,0,26,20.0,0.0
2539,1,0,0.384,1,0,1,46,20.0,0.0
2343,1,0,0.466,1,0,1,23,78.89041095890411,1.0
424,1,0,0.294,1,0,0,26,20.0,0.0
2590,1,0,0.596,1,0,1,21,82.14611872146119,1.0
343,1,0,0.354,1,0,1,29,20.0,0.0
1141,1,0,0.304,1,0,1,38,20.0,0.0
2734,1,1,0.286,1,0,0,24,20.0,0.0
1685,1,0,0.482,1,0,0,28,20.0,0.0
1395,1,0,0.406,1,0,1,26,20.0,0.0
2557,1,0,0.206,1,0,1,52,20.0,0.0
1910,1,0,0.422,1,0,0,31,20.0,0.0
1153,0,0,0.286,1,0,1,19,82.83926940639269,1.0
1857,1,0,0.42,1,0,1,26,20.0,0.0
307,1,0,0.244,1,0,1,20,20.0,0.0
2543,1,0,0.392,1,0,1,54,20.0,0.0
2323,1,0,0.458,1,0,0,40,77.08401826484018,1.0
1143,1,1,0.668,1,0,1,35,83.28036529680365,1.0
1814,1,0,0.324,1,0,1,44,20.0,0.0
1648,1,0,0.392,1,0,0,43,20.0,0.0
1071,1,0,0.206,1,0,0,30,20.0,0.0
147,1,0,0.304,1,0,1,34,20.0,0.0
445,1,0,0.324,1,0,0,40,20.0,0.0
1900,1,0,0.336,1,0,0,25,42.721063822370944,0.0
1936,1,0,0.41,1,0,0,44,20.0,0.0
1889,1,0,0.24,1,0,0,25,20.0,0.0
931,0,1,0.294,1,0,1,35,20.0,0.0
2272,1,0,0.308,1,0,1,64,20.0,0.0
1331,1,0,0.166,1,0,0,40,77.52511415525115,1.0
2658,1,0,0.0,0,0,0,50,81.49497716894977,1.0
2306,1,0,0.784,1,0,1,25,82.2931506849315,1.0
1637,1,0,0.452,1,0,1,25,79.28949771689497,1.0
1502,1,0,0.332,1,0,1,42,20.0,0.0
728,1,0,0.236,1,0,1,33,20.0,0.0
78,1,0,0.286,1,0,1,30,20.0,0.0
1748,1,0,0.296,1,0,1,25,20.0,0.0
295,1,0,0.656,1,0,1,22,84.35159817351598,1.0
1922,1,0,0.22,1,0,0,27,20.0,0.0
1845,1,0,0.368,1,0,1,40,20.0,0.0
121,1,0,0.498,1,0,1,30,80.92785388127854,1.0
1898,1,0,0.58,1,0,1,49,82.14611872146119,1.0
1403,0,1,0.31,1,0,1,31,77.84018264840182,1.0
1292,0,0,0.824,1,0,1,53,82.14706553854418,1.0
1902,1,0,0.386,1,0,0,61,20.0,0.0
2423,1,0,0.426,1,0,1,44,85.56986301369864,1.0
111,1,0,0.776,1,0,1,22,77.54611872146118,1.0
589,0,0,0.286,1,0,1,38,20.0,0.0
208,1,0,0.422,1,0,1,20,82.35616438356165,1.0
1004,1,0,0.428,1,0,1,24,81.8310502283105,1.0
1134,1,0,0.264,1,0,1,22,20.0,0.0
715,1,0,0.864,1,0,1,49,58.38173515981735,0.0
701,1,0,0.314,1,0,0,33,77.59127933064111,1.0
1482,1,0,0.624,1,0,0,34,20.0,0.0
1529,1,0,0.422,1,0,1,50,68.29337780009085,0.0
1058,1,0,0.53,1,0,1,53,79.94063926940639,1.0
2683,0,0,0.322,1,0,1,33,20.0,0.0
1137,1,1,0.286,1,0,1,44,20.0,0.0
1088,1,1,0.316,1,0,1,34,20.0,0.0
1613,1,0,0.258,1,0,1,20,20.0,0.0
2358,1,0,0.682,1,0,1,36,83.57442922374429,1.0
66,1,0,0.282,1,0,1,29,20.0,0.0
2334,1,0,0.39,1,0,1,22,82.88127853881278,1.0
2350,1,0,0.486,1,0,0,37,81.07488584474886,1.0
2550,1,0,0.542,1,0,1,33,80.52876712328766,1.0
478,1,0,0.336,1,0,1,40,63.63459575611066,0.0
2615,1,0,0.548,1,0,1,48,77.86118721461187,1.0
2649,1,0,0.356,1,0,1,44,20.0,0.0
2507,1,0,0.414,1,0,1,33,53.81250335750738,0.0
2372,1,0,0.288,1,0,1,33,20.0,0.0
1136,1,0,0.468,1,0,1,61,78.84840182648402,1.0
1890,1,0,0.41,1,0,1,21,72.37233345041564,0.0
260,0,1,0.262,1,0,1,34,20.0,0.0
1254,1,0,0.318,1,0,1,26,20.0,0.0
2237,1,0,0.58,1,0,1,26,82.52420091324201,1.0
279,1,1,0.532,1,0,0,34,20.0,0.0
1521,1,0,0.328,1,0,1,31,20.0,0.0
714,1,0,0.342,1,0,1,38,20.0,0.0
1127,0,1,0.802,1,0,1,50,82.71324200913241,1.0
1243,1,0,0.284,1,0,1,56,81.43196347031963,1.0
1963,0,0,0.37,1,0,0,36,20.0,0.0
567,1,1,0.302,1,0,1,23,68.18123883263847,0.0
2584,1,0,0.66,1,0,1,18,80.52876712328766,1.0
503,1,0,0.394,1,0,1,35,76.78504287782604,1.0
526,0,1,0.706,1,0,1,37,82.98630136986301,1.0
1802,0,1,0.306,1,0,1,55,20.0,0.0
1334,1,0,0.44,1,0,1,22,43.5910197869102,0.0
2565,1,0,0.412,1,0,1,21,20.0,0.0
2100,1,0,0.886,1,0,1,61,82.44018264840183,1.0
0,1,0,0.298,1,0,1,28,20.0,0.0
1966,1,0,0.63,1,0,1,23,42.19927301129537,0.0
2583,1,0,0.36,1,0,1,30,20.0,0.0
2129,1,0,0.372,1,0,1,35,20.0,0.0
2696,1,0,0.354,1,0,1,34,20.0,0.0
320,1,0,0.326,1,0,1,45,20.0,0.0
170,1,0,0.486,1,0,1,26,82.06210045662101,1.0
443,1,0,0.486,1,0,1,47,78.89041095890411,1.0
1903,1,0,0.672,1,0,0,32,20.0,0.0
1499,1,0,0.264,1,0,1,37,20.0,0.0
2137,0,0,0.588,1,0,1,66,84.16255707762556,1.0
2253,1,0,0.888,1,0,1,50,82.1041095890411,1.0
1801,0,0,0.56,1,0,1,42,20.0,0.0
1538,1,0,0.5,1,0,1,23,82.54520547945205,1.0
1380,0,0,0.312,1,0,0,40,20.0,0.0
2704,1,0,0.37,1,0,0,42,20.0,0.0
2136,1,0,0.62,1,0,1,44,19.051255707762554,0.0
2431,1,0,0.444,1,0,1,23,20.0,0.0
547,1,0,0.498,1,0,1,24,79.75159817351599,1.0
960,1,0,0.316,1,0,1,31,20.0,0.0
2462,1,0,0.48,1,0,1,38,82.1041095890411,1.0
799,1,0,0.7,1,0,1,58,82.7972602739726,1.0
1436,1,0,0.628,1,0,1,29,77.42009132420091,1.0
2554,1,0,0.584,1,0,1,40,79.49954337899544,1.0
779,1,0,0.374,1,0,1,25,57.11353040134584,0.0
599,1,0,0.276,1,0,1,48,20.0,0.0
2515,0,1,0.802,1,0,1,60,81.53698630136986,1.0
138,1,0,0.774,1,0,1,38,77.71415525114155,1.0
2456,1,0,0.65,1,0,1,38,82.12511415525114,1.0
2754,1,0,0.592,1,0,1,27,77.79817351598173,1.0
1885,1,0,0.702,1,0,1,51,80.6337899543379,1.0
381,1,0,0.286,1,0,1,23,20.0,0.0
1787,0,0,0.836,1,0,1,85,81.3689497716895,1.0
2063,1,0,0.54,1,0,1,23,77.42009132420091,1.0
1738,0,0,0.658,1,0,0,39,20.0,0.0
995,1,0,0.27,1,0,1,31,20.0,0.0
2644,1,1,0.634,1,0,1,21,80.82283105022832,1.0
1229,1,0,0.324,1,0,1,32,20.0,0.0
2374,1,0,0.28,1,0,1,31,20.0,0.0
976,1,0,0.306,1,0,1,28,20.0,0.0
1066,1,0,0.374,1,0,1,28,20.0,0.0
22,1,0,0.202,1,0,1,38,20.0,0.0
544,1,0,0.516,1,0,0,46,20.0,0.0
1565,1,0,0.446,1,0,1,29,80.82283105022832,1.0
678,1,0,0.54,1,0,1,22,62.22396643218561,0.0
2622,1,0,0.284,1,0,1,42,20.0,0.0
1657,1,0,0.474,1,0,1,27,20.0,0.0
2724,1,0,0.9,1,0,1,46,80.48675799086757,1.0
696,1,0,0.286,1,0,1,34,77.67214611872146,1.0
1081,1,0,0.276,1,0,0,38,20.0,0.0
795,0,0,0.292,1,0,0,27,20.0,0.0
888,1,0,0.228,1,0,1,30,20.0,0.0
2572,1,0,0.326,1,0,1,28,20.0,0.0
829,1,0,0.224,1,0,1,22,20.0,0.0
1168,1,0,0.39,1,0,0,38,20.0,0.0
377,1,0,0.246,1,0,1,32,20.0,0.0
1212,1,0,0.286,1,0,1,20,77.98721461187215,1.0
1784,1,0,0.262,1,0,1,48,20.0,0.0
958,0,0,0.366,1,0,1,42,20.0,0.0
2681,1,0,0.618,1,0,1,28,78.61735159817351,1.0
290,1,0,0.31,1,0,1,47,20.0,0.0
2504,1,1,0.376,1,0,1,25,20.0,0.0
1891,1,0,0.292,1,0,1,24,20.0,0.0
150,1,0,0.506,1,0,1,31,84.14155251141553,1.0
2341,0,0,0.4,1,0,0,41,20.0,0.0
192,1,0,0.29,1,0,1,24,20.0,0.0
1123,0,0,0.29,1,0,1,32,20.0,0.0
819,1,0,0.286,1,0,1,21,20.0,0.0
856,1,0,0.472,1,0,1,43,78.13424657534246,1.0
788,1,0,0.168,1,0,1,34,20.0,0.0
1948,1,0,0.292,1,0,0,23,20.0,0.0
1428,1,0,0.394,1,0,0,22,20.0,0.0
1530,1,0,0.36,1,0,1,33,20.0,0.0
1307,0,0,0.286,1,0,1,74,20.0,0.0
642,1,0,0.274,1,0,0,48,20.0,0.0
2185,1,0,0.274,1,0,1,51,20.0,0.0
522,1,0,0.536,1,0,0,30,20.0,0.0
949,0,1,0.458,1,0,1,55,20.0,0.0
2386,1,0,0.838,1,0,1,54,81.95707762557078,1.0
2623,1,0,0.24,1,0,1,20,20.0,0.0
887,0,1,0.19,1,0,1,40,20.0,0.0
1975,1,0,0.15,1,0,1,26,20.0,0.0
1700,1,0,0.588,1,0,1,30,81.64200913242009,1.0
1833,1,0,0.184,1,0,0,40,20.0,0.0
396,1,0,0.544,1,0,1,42,80.6337899543379,1.0
1180,1,0,0.286,1,0,1,35,83.59543378995434,1.0
1924,1,0,0.758,1,0,1,27,82.54520547945205,1.0
2638,1,0,0.468,1,0,1,23,81.8310502283105,1.0
1407,1,0,0.286,1,0,1,48,82.25114155251141,1.0
1611,1,0,0.338,1,0,1,29,20.0,0.0
2221,1,0,0.752,1,0,1,40,84.43561643835616,1.0
613,1,0,0.284,1,0,1,38,20.0,0.0
957,1,0,0.18,1,0,1,34,20.0,0.0
2569,1,0,0.414,1,0,0,24,20.0,0.0
646,1,0,0.454,1,0,1,40,20.0,0.0
357,1,0,0.308,1,0,1,39,20.0,0.0
1598,1,0,0.33,1,0,1,42,75.49521749579428,1.0
87,1,0,0.31,1,0,1,23,20.0,0.0
2581,0,0,0.354,1,0,1,22,38.00365296803654,0.0
1182,1,1,0.67,1,0,1,37,78.53333333333333,1.0
2684,0,0,0.286,1,0,0,54,20.0,0.0
479,1,0,0.328,1,0,1,23,20.0,0.0
1160,1,0,0.178,1,0,1,29,20.0,0.0
1006,1,0,0.516,1,0,1,42,50.045500940102066,0.0
731,0,0,0.318,2,0,1,32,20.0,0.0
670,1,0,0.762,1,0,1,60,79.1634703196347,1.0
454,1,0,0.294,1,0,1,22,20.0,0.0
2726,1,0,0.406,1,0,1,39,79.93700117501822,1.0
2209,1,0,0.244,1,0,0,33,20.0,0.0
1458,1,0,0.722,1,0,1,52,83.7634703196347,1.0
1103,1,0,0.556,1,0,1,27,83.97351598173516,1.0
2109,1,1,0.278,1,0,1,37,20.0,0.0
792,1,0,0.334,1,0,1,34,78.13424657534246,1.0
182,1,0,0.286,1,0,1,23,78.00821917808219,1.0
1179,1,0,0.3,1,0,1,30,20.0,0.0
1333,1,0,0.77,1,0,1,22,78.89041095890411,1.0
2132,1,0,0.516,1,0,1,24,81.32694063926941,1.0
1332,1,1,0.558,1,0,1,44,77.924200913242,1.0
1967,1,0,0.292,1,0,1,42,20.0,0.0
71,1,0,0.582,1,0,1,44,83.15433789954338,1.0
1610,1,0,0.262,1,0,1,42,20.0,0.0
632,1,0,0.384,1,0,1,24,20.0,0.0
675,1,0,0.256,1,0,1,38,20.0,0.0
1604,1,0,0.682,1,0,1,26,78.53333333333333,1.0
1094,1,0,0.466,1,0,1,58,20.0,0.0
2257,1,0,0.76,1,0,1,28,82.20913242009132,1.0
908,1,0,0.38,1,0,1,29,78.30228310502284,1.0
621,1,0,0.364,1,0,0,29,20.0,0.0
39,0,0,0.426,1,0,1,30,20.0,0.0
1698,1,0,0.484,1,0,1,24,80.15068493150685,1.0
574,1,1,0.838,1,0,1,53,80.61278538812786,1.0
367,1,0,0.518,1,0,1,20,80.96986301369863,1.0
1220,1,0,0.478,1,0,1,41,79.03744292237442,1.0
5,1,0,0.324,1,0,1,44,20.0,0.0
63,1,0,0.254,1,0,1,28,20.0,0.0
1414,1,0,0.528,1,0,1,24,45.23531202435312,0.0
1379,1,0,0.144,1,0,1,47,20.0,0.0
2698,1,0,0.272,1,0,1,44,20.0,0.0
347,1,0,0.29,1,0,1,42,20.0,0.0
228,1,0,0.818,1,0,1,33,80.52876712328766,1.0
753,1,0,0.286,1,0,1,56,20.0,0.0
1065,1,0,0.322,1,0,1,26,20.0,0.0
1642,1,0,0.864,1,0,1,41,30.75429335115269,0.0
1687,1,0,0.512,1,0,0,29,81.41095890410959,1.0
2033,1,1,0.286,1,0,1,47,77.10502283105023,1.0
2330,1,0,0.28,1,0,1,50,20.0,0.0
1047,1,0,0.42,1,0,1,27,20.0,0.0
1043,1,1,0.606,1,0,1,38,79.91963470319635,1.0
1534,0,0,0.544,1,0,0,78,20.0,0.0
2378,1,0,0.562,1,0,1,33,85.04474885844749,1.0
2472,1,0,0.616,1,0,1,68,77.88219178082191,1.0
1509,1,0,0.452,1,0,1,31,20.0,0.0
1680,1,0,0.244,1,0,1,23,20.0,0.0
833,1,0,0.608,1,0,1,28,82.73424657534247,1.0
1164,0,1,0.24,1,0,1,31,78.13424657534246,1.0
151,1,0,0.37,1,0,1,27,20.0,0.0
426,1,1,0.3,1,0,1,27,20.0,0.0
1907,1,0,0.364,1,0,1,21,20.0,0.0
425,1,0,0.264,1,0,1,37,20.0,0.0
1287,0,1,0.386,1,0,1,59,20.0,0.0
2293,1,0,0.784,1,0,1,26,84.91872146118722,1.0
2765,1,0,0.522,1,0,1,40,78.84840182648402,1.0
2041,1,0,0.396,1,0,1,50,66.74927073635679,0.0
2188,1,0,0.358,1,0,1,58,20.0,0.0
2178,1,0,0.24,1,0,1,23,20.0,0.0
2317,1,0,0.76,1,0,1,53,78.89041095890411,1.0
1245,0,0,0.436,1,0,1,59,84.01552511415525,1.0
429,1,0,0.618,1,0,1,46,80.65479452054795,1.0
791,1,0,0.8,1,0,1,56,81.43196347031963,1.0
1720,1,0,0.292,1,0,1,27,20.0,0.0
689,1,0,0.304,1,0,1,35,20.0,0.0
773,1,0,0.276,1,0,1,32,20.0,0.0
2663,1,1,0.212,1,0,1,37,20.0,0.0
817,0,0,0.496,1,0,1,32,84.81369863013698,1.0
540,1,0,0.358,1,0,1,23,61.78436951176677,0.0
1409,1,0,0.516,1,0,1,25,81.07488584474886,1.0
1452,0,1,0.778,1,0,0,28,79.05844748858448,1.0
2072,1,1,0.286,1,0,1,57,20.0,0.0
609,1,0,0.29,1,0,1,31,20.0,0.0
1099,1,0,0.296,1,0,1,50,20.0,0.0
238,1,0,0.406,1,0,1,54,20.0,0.0
1654,1,0,0.306,1,0,1,21,20.0,0.0
2066,1,0,0.352,1,0,1,26,20.0,0.0
2058,0,1,0.358,1,0,0,37,20.0,0.0
1276,0,1,0.736,1,0,1,28,65.4206215937546,0.0
1161,1,0,0.37,1,0,0,29,20.0,0.0
1184,1,0,0.42,1,0,0,28,20.0,0.0
1576,1,1,0.244,1,0,1,40,20.0,0.0
1097,1,0,0.29,1,0,1,29,20.0,0.0
568,1,0,0.21,1,0,1,35,20.0,0.0
1064,1,0,0.516,1,0,1,72,84.33059360730594,1.0
2311,1,0,0.404,1,0,0,43,20.0,0.0
1683,1,0,0.502,1,0,1,51,78.59634703196348,1.0
1790,1,0,0.228,1,0,1,42,20.0,0.0
2613,1,0,0.512,1,0,1,20,79.22648401826484,1.0
2602,1,0,0.286,1,0,1,21,82.14611872146119,1.0
1783,1,0,0.514,1,0,1,37,83.7634703196347,1.0
612,1,0,0.264,1,0,1,49,20.0,0.0
923,1,0,0.752,1,0,1,25,80.46575342465754,1.0
1804,1,0,0.3,1,0,1,42,20.0,0.0
1042,0,1,0.468,1,0,1,57,85.31780821917809,1.0
65,1,0,0.442,1,0,1,35,20.0,0.0
2628,1,0,0.3,1,0,1,33,20.0,0.0
531,1,0,0.774,1,0,1,54,80.23470319634703,1.0
2314,0,1,0.6,1,0,1,36,20.0,0.0
1671,1,0,0.44,1,0,1,41,81.26392694063927,1.0
1121,1,0,0.382,1,0,1,32,20.0,0.0
2673,1,0,0.426,1,0,1,44,20.0,0.0
1074,0,1,0.48,1,0,0,24,20.0,0.0
70,1,0,0.33,2,0,1,58,20.0,0.0
2414,0,0,0.3,1,0,1,53,20.0,0.0
2329,1,0,0.334,1,0,1,59,20.0,0.0
1386,1,0,0.458,1,0,1,31,79.79360730593608,1.0
2255,1,0,0.726,1,0,1,27,77.37808219178082,1.0
1751,1,0,0.484,1,0,0,31,20.0,0.0
1939,1,0,0.384,1,0,0,32,20.0,0.0
880,1,0,0.398,1,0,1,30,20.0,0.0
2239,1,0,0.448,1,0,1,32,61.4211401962114,0.0
306,1,0,0.292,1,0,1,38,20.0,0.0
2672,1,0,0.524,1,0,1,36,84.51963470319635,1.0
1652,1,0,0.324,1,0,1,29,78.4703196347032,1.0
1976,1,0,0.334,1,0,1,27,20.0,0.0
2759,1,0,0.372,1,0,0,35,20.0,0.0
2214,1,0,0.362,1,0,1,43,83.91050228310502,1.0
2359,1,0,0.3,1,0,1,37,20.0,0.0
935,1,0,0.358,1,0,0,26,20.0,0.0
1953,1,0,0.532,1,0,1,37,81.38995433789954,1.0
647,1,0,0.236,1,0,0,34,20.0,0.0
2252,1,0,0.822,1,0,1,25,79.05844748858448,1.0
2049,1,0,0.672,1,0,1,24,78.49132420091324,1.0
1398,1,0,0.9,1,0,1,55,80.6337899543379,1.0
1715,1,0,0.506,1,0,1,24,59.500006715014784,0.0
1146,1,0,0.286,1,0,1,26,20.0,0.0
741,0,1,0.242,1,0,1,47,20.0,0.0
1128,0,1,0.614,1,0,1,30,20.0,0.0
2443,1,1,0.286,4,0,0,34,80.94885844748859,1.0
757,1,0,0.478,1,0,1,29,57.35579908675799,0.0
1157,0,1,0.352,1,0,0,27,20.0,0.0
578,1,0,0.328,1,0,1,32,20.0,0.0
953,1,0,0.276,1,0,1,26,77.98721461187215,1.0
2095,0,1,0.636,1,0,0,54,20.0,0.0
1563,1,0,0.272,1,0,0,28,20.0,0.0
626,1,0,0.364,1,0,1,42,77.48471232876713,1.0
1339,1,0,0.322,1,0,1,41,20.0,0.0
784,1,0,0.346,1,0,1,20,20.0,0.0
2736,0,1,0.198,1,0,1,33,20.0,0.0
1836,1,0,0.828,1,0,1,56,83.0283105022831,1.0
789,1,0,0.476,1,0,1,26,84.28858447488585,1.0
2429,1,0,0.758,1,0,1,61,79.03744292237442,1.0
1508,1,0,0.676,1,0,0,20,80.44474885844748,1.0
2149,1,1,0.706,1,0,1,52,86.3890410958904,1.0
651,1,0,0.826,1,0,1,31,78.76438356164384,1.0
489,1,1,0.266,1,0,1,36,20.0,0.0
2474,1,0,0.502,1,0,1,20,60.757405201508845,0.0
1849,0,1,0.346,1,0,1,44,20.0,0.0
1852,1,0,0.356,1,0,1,60,65.26804057057421,0.0
719,1,0,0.302,1,0,1,47,20.0,0.0
1378,1,0,0.344,1,0,1,34,20.0,0.0
2626,1,0,0.366,1,0,1,36,20.0,0.0
590,1,0,0.712,1,0,0,43,20.0,0.0
53,1,0,0.292,1,0,0,39,77.65114155251142,1.0
1091,1,0,0.414,1,0,1,22,20.0,0.0
1840,1,0,0.31,1,0,1,39,20.0,0.0
287,1,0,0.508,1,0,1,54,78.84840182648402,1.0
1601,1,0,0.45,1,0,1,25,79.01643835616439,1.0
2213,1,0,0.392,1,0,1,24,80.54977168949772,1.0
2001,1,0,0.358,1,0,1,39,39.0716535837053,0.0
997,1,0,0.374,1,0,1,27,81.85205479452055,1.0
668,1,0,0.364,1,0,1,44,20.0,0.0
1366,1,0,0.562,1,0,1,31,85.29680365296804,1.0
1693,1,0,0.58,1,0,1,25,80.6337899543379,1.0
686,1,0,0.54,1,0,1,24,66.5617467361245,0.0
2321,1,0,0.286,1,0,1,39,20.0,0.0
2361,1,0,0.286,1,0,1,19,20.0,0.0
891,1,0,0.804,1,0,1,51,82.25114155251141,1.0
346,1,1,0.292,1,0,1,47,20.0,0.0
2692,1,0,0.728,1,0,1,23,77.39908675799087,1.0
1101,1,0,0.27,1,0,1,39,20.0,0.0
1701,1,0,0.326,1,0,0,29,20.0,0.0
2503,0,0,0.382,1,0,0,38,20.0,0.0
453,1,0,0.494,1,0,1,20,70.88809272918863,0.0
859,1,0,0.836,1,0,1,44,82.39817351598174,1.0
1426,0,1,0.298,1,0,1,40,20.0,0.0
162,1,0,0.434,1,0,0,32,20.0,0.0
83,1,0,0.386,1,0,1,32,20.0,0.0
877,1,0,0.286,1,0,1,34,69.20017230981306,0.0
1062,1,0,0.278,1,0,1,26,20.0,0.0
2294,1,0,0.22,1,0,1,34,77.29406392694064,1.0
1952,1,0,0.368,1,0,1,31,80.82283105022832,1.0
2421,1,0,0.314,1,0,1,37,20.0,0.0
2238,1,0,0.526,1,0,1,38,79.47853881278539,1.0
2645,1,0,0.452,1,0,0,36,20.0,0.0
1546,1,0,0.28,1,0,1,25,20.0,0.0
973,1,0,0.588,1,0,1,23,20.0,0.0
1834,0,0,0.286,1,0,1,19,31.598401826484015,0.0
2403,1,0,0.542,1,0,1,66,80.75981735159817,1.0
1838,0,0,0.39,1,0,1,34,20.0,0.0
352,1,0,0.426,1,0,1,28,77.79817351598173,1.0
1484,1,0,0.36,1,0,0,32,20.0,0.0
384,1,0,0.392,1,0,0,28,20.0,0.0
794,1,0,0.392,1,0,1,33,39.0716535837053,0.0
2694,1,0,0.514,1,0,1,31,83.91050228310502,1.0
2263,1,0,0.232,1,0,1,39,20.0,0.0
2646,1,0,0.264,1,0,1,40,20.0,0.0
872,1,0,0.31,1,0,0,24,20.0,0.0
2154,0,1,0.534,1,0,1,22,83.42739726027398,1.0
2087,1,0,0.212,1,0,0,27,20.0,0.0
1919,1,0,0.27,1,0,1,20,20.0,0.0
1462,1,0,0.732,1,0,0,28,20.0,0.0
2124,1,0,0.354,1,0,1,47,20.0,0.0
895,0,1,0.282,1,0,1,48,20.0,0.0
2383,1,0,0.62,1,0,1,19,42.521749579428025,0.0
1906,1,0,0.286,1,0,1,19,20.0,0.0
181,1,0,0.28,1,0,1,48,20.0,0.0
1363,1,0,0.286,1,0,1,53,20.0,0.0
692,1,0,0.65,1,0,1,22,79.60456621004566,1.0
2665,1,0,0.286,1,0,1,23,81.93864958244353,1.0
2616,0,1,0.392,1,0,1,27,54.50899586053857,0.0
1644,1,0,0.312,1,0,1,22,20.0,0.0
2412,1,0,0.32,1,0,1,35,20.0,0.0
828,1,0,0.648,1,0,1,33,80.69680365296804,1.0
555,1,0,0.208,1,0,1,38,20.0,0.0
1893,1,0,0.288,1,0,1,66,20.0,0.0
2491,1,0,0.286,1,0,1,20,82.39817351598174,1.0
2303,0,0,0.294,1,0,0,24,20.0,0.0
1240,1,0,0.684,1,0,1,25,78.4703196347032,1.0
308,1,0,0.526,1,0,1,34,83.61643835616438,1.0
1370,1,0,0.414,1,0,1,25,83.09132420091325,1.0
1492,1,0,0.828,1,0,1,48,81.78904109589041,1.0
386,1,0,0.67,1,0,1,22,36.59771689497716,0.0
1772,1,0,0.356,1,0,1,27,20.0,0.0
403,1,0,0.4,1,0,1,27,20.0,0.0
1275,1,0,0.504,1,0,1,48,82.12511415525114,1.0
243,1,0,0.26,1,0,1,25,20.0,0.0
2083,1,0,0.668,1,0,1,24,80.75981735159817,1.0
481,0,1,0.286,1,0,1,48,20.0,0.0
2005,0,1,0.684,1,0,1,52,80.23470319634703,1.0
1593,1,0,0.802,1,0,1,32,80.06666666666666,1.0
1619,1,0,0.502,1,0,1,43,77.88219178082191,1.0
806,1,0,0.316,1,0,1,35,20.0,0.0
758,1,0,0.296,1,0,1,37,20.0,0.0
1895,1,0,0.244,1,0,1,31,77.98721461187215,1.0
2433,1,0,0.298,1,0,0,26,20.0,0.0
1749,1,0,0.268,1,0,1,28,20.0,0.0
197,1,0,0.542,1,0,1,20,78.42831050228311,1.0
2090,1,0,0.322,1,0,1,33,20.0,0.0
1746,0,0,0.286,1,0,1,57,78.86940639269406,1.0
1397,1,0,0.296,1,0,1,23,20.0,0.0
695,1,0,0.266,1,0,1,46,20.0,0.0
2426,0,0,0.436,1,0,1,22,78.86940639269406,1.0
1167,1,0,0.75,1,0,1,26,80.23470319634703,1.0
2180,1,0,0.9,1,0,1,61,77.98721461187215,1.0
2427,1,0,0.346,1,0,1,34,81.8310502283105,1.0
